Konto Nr.,Bezeichnung,Beschreibung,Konto Typ,,Doc. Beleg,Zusammenfassung,voreingestellte Konten,Summenkto,Bilanz,Bilanz Name,,,G u. V,G u. V Name,,,,
[Account_Value],[Account_Name],[Account_Description],[Account_Type],[Account_Sign],[Account_Document],[Account_Summary],[Default_Account],[Account_Parent],[Balance Sheet],[Balance Sheet_Name],[US 1120 Balance Sheet],US 1120 Balance Sheet_Name,[Profit & Loss],[Profit & Loss_Name],[US 1120 Income Statement],[US 1120 Income Statement_Name],[Cash Flow],[Cash Flow_Name]
Aktiva,Aktiva,Aktiva,Asset,,,Yes,,,Aktiva,Aktiva,,,,,,,,
AA,A. Anlagevermögen,A. Anlagevermögen,Asset,,,Yes,,Aktiva,AA,A. Anlagevermögen,,,,,,,,
AA-I,I. Immaterielle Vermögensgegenstände,I. Immaterielle Vermögensgegenstände,Asset,,,Yes,,AA,AA-I,I. Immaterielle Vermögensgegenstände,,,,,,,,
AA-I-1,1. Selbst geschaffene gewerbliche Schutzrechte,1. Selbst geschaffene gewerbliche Schutzrechte und ähnliche Rechte und Werte,Asset,,,Yes,,AA-I,AA-I-1,1. Selbst geschaffene gewerbliche Schutzrechte,,,,,,,,
AA-I-2,"2. erworbene Konzessionen, gewerbliche Schutzrechte","2. entgeltlich erworbene Konzessionen, gewerbliche Schutzrechte und ähnliche Rechte und Werte sowie Lizenzen an solchen Rechten und Werten",Asset,,,Yes,,AA-I,AA-I-2,"2. erworbene Konzessionen, gewerbliche Schutzrechte",,,,,,,,
AA-I-3,3. Geschäfts- oder Firmenwert,3. Geschäfts- oder Firmenwert,Asset,,,Yes,,AA-I,AA-I-3,3. Geschäfts- oder Firmenwert,,,,,,,,
AA-I-4,4. geleistete Anzahlungen,4. geleistete Anzahlungen,Asset,,,Yes,,AA-I,AA-I-4,4. geleistete Anzahlungen,,,,,,,,
AA-II,II. Sachanlagen,II. Sachanlagen,Asset,,,Yes,,AA,AA-II,II. Sachanlagen,,,,,,,,
AA-II-1,"1. Grundstücke, grundstücksgleiche Rechte, Bauten","1. Grundstücke, grundstücksgleiche Rechte und Bauten einschließlich der Bauten auf fremden Grundstücken",Asset,,,Yes,,AA-II,AA-II-1,"1. Grundstücke, grundstücksgleiche Rechte, Bauten",,,,,,,,
AA-II-2,2. technische Anlagen und Maschinen,2. technische Anlagen und Maschinen,Asset,,,Yes,,AA-II,AA-II-2,2. technische Anlagen und Maschinen,,,,,,,,
AA-II-3,"3. andere Anlagen, Betriebs- und Geschäftsausstatt.","3. andere Anlagen, Betriebs- und Geschäftsausstattung",Asset,,,Yes,,AA-II,AA-II-3,"3. andere Anlagen, Betriebs- und Geschäftsausstatt.",,,,,,,,
AA-II-4,4. geleistete Anzahlungen und Anlagen im Bau,4. geleistete Anzahlungen und Anlagen im Bau,Asset,,,Yes,,AA-II,AA-II-4,4. geleistete Anzahlungen und Anlagen im Bau,,,,,,,,
AA-III,III. Finanzanlagen,III. Finanzanlagen,Asset,,,Yes,,AA,AA-III,III. Finanzanlagen,,,,,,,,
AA-III-1,1. Anteile an verbundenen Unternehmen,1. Anteile an verbundenen Unternehmen,Asset,,,Yes,,AA-III,AA-III-1,1. Anteile an verbundenen Unternehmen,,,,,,,,
AA-III-2,2. Ausleihungen an verbundene Unternehmen,2. Ausleihungen an verbundene Unternehmen,Asset,,,Yes,,AA-III,AA-III-2,2. Ausleihungen an verbundene Unternehmen,,,,,,,,
AA-III-3,3. Beteiligungen,3. Beteiligungen,Asset,,,Yes,,AA-III,AA-III-3,3. Beteiligungen,,,,,,,,
AA-III-4,"4. Ausleihungen an Unternehmen, mit Beteiligung","4. Ausleihungen an Unternehmen, mit denen ein Beteiligungsverhältnis besteht",Asset,,,Yes,,AA-III,AA-III-4,"4. Ausleihungen an Unternehmen, mit Beteiligung",,,,,,,,
AA-III-5,5. Wertpapiere des Anlagevermögens,5. Wertpapiere des Anlagevermögens,Asset,,,Yes,,AA-III,AA-III-5,5. Wertpapiere des Anlagevermögens,,,,,,,,
AA-III-6,6. sonstige Ausleihungen,6. sonstige Ausleihungen,Asset,,,Yes,,AA-III,AA-III-6,6. sonstige Ausleihungen,,,,,,,,
AB,B. Umlaufvermögen,B. Umlaufvermögen,Asset,,,Yes,,Aktiva,AB,B. Umlaufvermögen,,,,,,,,
AB-I,I. Vorräte,I. Vorräte,Asset,,,Yes,,AB,AB-I,I. Vorräte,,,,,,,,
AB-I-1,1. Roh- Hilfs- und Betriebsstoffe,1. Roh- Hilfs- und Betriebsstoffe,Asset,,,Yes,,AB-I,AB-I-1,1. Roh- Hilfs- und Betriebsstoffe,,,,,,,,
AB-I-2,"2. unfertige Erzeugnisse, unfertige Leistungen","2. unfertige Erzeugnisse, unfertige Leistungen",Asset,,,Yes,,AB-I,AB-I-2,"2. unfertige Erzeugnisse, unfertige Leistungen",,,,,,,,
AB-I-3,3. fertige Erzeugnisse und Waren,3. fertige Erzeugnisse und Waren,Asset,,,Yes,,AB-I,AB-I-3,3. fertige Erzeugnisse und Waren,,,,,,,,
AB-I-4,4. geleistete Anzahlungen,4. geleistete Anzahlungen,Asset,,,Yes,,AB-I,AB-I-4,4. geleistete Anzahlungen,,,,,,,,
AB-II,II. Forderungen und sonstige Vermögensgegenstände,II. Forderungen und sonstige Vermögensgegenstände,Asset,,,Yes,,AB,AB-II,II. Forderungen und sonstige Vermögensgegenstände,,,,,,,,
AB-II-1,1. Forderungen aus Lieferungen und Leistungen,1. Forderungen aus Lieferungen und Leistungen,Asset,,,Yes,,AB-II,AB-II-1,1. Forderungen aus Lieferungen und Leistungen,,,,,,,,
AB-II-2,2. Forderungen gegen verbundene Unternehmen,2. Forderungen gegen verbundene Unternehmen,Asset,,,Yes,,AB-II,AB-II-2,2. Forderungen gegen verbundene Unternehmen,,,,,,,,
AB-II-3,"3. Forderungen gegen Unternehmen, mit Beteiligung","3. Forderungen gegen Unternehmen, mit denen ein Beteiligungsverhältnis besteht",Asset,,,Yes,,AB-II,AB-II-3,"3. Forderungen gegen Unternehmen, mit Beteiligung",,,,,,,,
AB-II-4,4. sonstige Vermögensgegenstände,4. sonstige Vermögensgegenstände,Asset,,,Yes,,AB-II,AB-II-4,4. sonstige Vermögensgegenstände,,,,,,,,
AB-III,III. Wertpapiere,III. Wertpapiere,Asset,,,Yes,,AB,AB-III,III. Wertpapiere,,,,,,,,
AB-III-1,1. Anteile an verbundenen Unternehmen,1. Anteile an verbundenen Unternehmen,Asset,,,Yes,,AB-III,AB-III-1,1. Anteile an verbundenen Unternehmen,,,,,,,,
AB-III-2,2. sonstige Wertpapiere,2. sonstige Wertpapiere,Asset,,,Yes,,AB-III,AB-III-2,2. sonstige Wertpapiere,,,,,,,,
AB-IV,"IV. Kassenbestand, Guthaben bei Kreditinstituten","IV. Kassenbestand, Bundesbankguthaben, Guthaben bei Kreditinstituten und Schecks",Asset,,,Yes,,AB,AB-IV,"IV. Kassenbestand, Guthaben bei Kreditinstituten",,,,,,,,
AC,C. Rechnungsabgrenzungsposten,C. Rechnungsabgrenzungsposten,Asset,,,Yes,,Aktiva,AC,C. Rechnungsabgrenzungsposten,,,,,,,,
AD,D. Aktive latente Steuern,D. Aktive latente Steuern,Asset,,,Yes,,Aktiva,AD,D. Aktive latente Steuern,,,,,,,,
AE,E. Aktiver Unterschied aus Vermögensverrechnung,E. Aktiver Unterschiedsbetrag aus der Vermögensverrechnung,Asset,,,Yes,,Aktiva,AE,E. Aktiver Unterschied aus Vermögensverrechnung,,,,,,,,
Passiva,Passiva,Passiva,Liability,,,Yes,,,Passiva,Passiva,,,,,,,,
PA,A. Eigenkapital,A. Eigenkapital,Owner's Equity,,,Yes,,Passiva,PA,A. Eigenkapital,,,,,,,,
PA-I,I. Gezeichnetes Kapital,I. Gezeichnetes Kapital,Owner's Equity,,,Yes,,PA,PA-I,I. Gezeichnetes Kapital,,,,,,,,
PA-II,II. Kapitalrücklage,II. Kapitalrücklage,Owner's Equity,,,Yes,,PA,PA-II,II. Kapitalrücklage,,,,,,,,
PA-III,III. Gewinnrücklagen,III. Gewinnrücklagen,Owner's Equity,,,Yes,,PA,PA-III,III. Gewinnrücklagen,,,,,,,,
PA-III-1,1. gesetzliche Rücklage,1. gesetzliche Rücklage,Owner's Equity,,,Yes,,PA-III,PA-III-1,1. gesetzliche Rücklage,,,,,,,,
PA-III-2,2. Rücklage für Anteile an herrschendem Untern.,2. Rücklage für Anteile an einem herrschenden oder mehrheitlich beteiligten Unternehmen,Owner's Equity,,,Yes,,PA-III,PA-III-2,2. Rücklage für Anteile an herrschendem Untern.,,,,,,,,
PA-III-3,3. satzungsmäßige Rücklagen,3. satzungsmäßige Rücklagen,Owner's Equity,,,Yes,,PA-III,PA-III-3,3. satzungsmäßige Rücklagen,,,,,,,,
PA-III-4,4. andere Gewinnrücklagen,4. andere Gewinnrücklagen,Owner's Equity,,,Yes,,PA-III,PA-III-4,4. andere Gewinnrücklagen,,,,,,,,
PA-IV,IV Gewinnvortrag/Verlustvortrag,IV Gewinnvortrag/Verlustvortrag,Owner's Equity,,,Yes,,PA,PA-IV,IV Gewinnvortrag/Verlustvortrag,,,,,,,,
PA-V,V. Jahresüberschuß/Jahresfehlbetrag,V. Jahresüberschuß/Jahresfehlbetrag,Owner's Equity,,,Yes,,PA,PA-V,V. Jahresüberschuß/Jahresfehlbetrag,,,,,,,,
PB,B. Rückstellungen,B. Rückstellungen,Liability,,,Yes,,Passiva,PB,B. Rückstellungen,,,,,,,,
PB-1,1. Rückstellungen für Pensionen und ähnliches,1. Rückstellungen für Pensionen und ähnliche Verpflichtungen,Liability,,,Yes,,PB,PB-1,1. Rückstellungen für Pensionen und ähnliches,,,,,,,,
PB-2,2. Steuerrückstellungen,2. Steuerrückstellungen,Liability,,,Yes,,PB,PB-2,2. Steuerrückstellungen,,,,,,,,
PB-3,3. sonstige Rückstellungen,3. sonstige Rückstellungen,Liability,,,Yes,,PB,PB-3,3. sonstige Rückstellungen,,,,,,,,
PC,C. Verbindlichkeiten,C. Verbindlichkeiten,Liability,,,Yes,,Passiva,PC,C. Verbindlichkeiten,,,,,,,,
PC-1,1. Anleihen,1. Anleihen,Liability,,,Yes,,PC,PC-1,1. Anleihen,,,,,,,,
PC-1-a,- davon konvertibel,- davon konvertibel,Liability,,,Yes,,PC-1,PC-1-a,- davon konvertibel,,,,,,,,
PC-1-b,- sonstige,- sonstige,Liability,,,Yes,,PC-1,PC-1-b,- sonstige,,,,,,,,
PC-2,2. Verbindlichkeiten gegenüber Kreditinstituten,2. Verbindlichkeiten gegenüber Kreditinstituten,Liability,,,Yes,,PC,PC-2,2. Verbindlichkeiten gegenüber Kreditinstituten,,,,,,,,
PC-3,3. erhaltene Anzahlungen auf Bestellungen,3. erhaltene Anzahlungen auf Bestellungen,Liability,,,Yes,,PC,PC-3,3. erhaltene Anzahlungen auf Bestellungen,,,,,,,,
PC-4,4. Verbindlichkeiten aus Lieferungen und Leistungen,4. Verbindlichkeiten aus Lieferungen und Leistungen,Liability,,,Yes,,PC,PC-4,4. Verbindlichkeiten aus Lieferungen und Leistungen,,,,,,,,
PC-5,5. Verbindlichkeiten aus Wechseln,5. Verbindlichkeiten aus der Annahme gezogener Wechsel und der Ausstellung eigener Wechsel,Liability,,,Yes,,PC,PC-5,5. Verbindlichkeiten aus Wechseln,,,,,,,,
PC-6,6. Verbindlichkeiten ggü. verbundenen Unternehmen,6. Verbindlichkeiten gegenüber verbundenen Unternehmen,Liability,,,Yes,,PC,PC-6,6. Verbindlichkeiten ggü. verbundenen Unternehmen,,,,,,,,
PC-7,7. Verbindlichkeiten ggü. Unternehmen mit Beteiligung,"7. Verbindlichkeiten gegenüber Unternehmen, mit denen ein Beteiligungsverhältnis besteht",Liability,,,Yes,,PC,PC-7,7. Verbindlichkeiten ggü. Unternehmen mit Beteiligung,,,,,,,,
PC-8,8. sonstige Verbindlichkeiten,8. sonstige Verbindlichkeiten,Liability,,,Yes,,PC,PC-8,8. sonstige Verbindlichkeiten,,,,,,,,
PC-8-a,- davon aus Steuern,- davon aus Steuern,Liability,,,Yes,,PC-8,PC-8-a,- davon aus Steuern,,,,,,,,
PC-8-b,- davon im Rahmen der sozialen Sicherheit,- davon im Rahmen der sozialen Sicherheit,Liability,,,Yes,,PC-8,PC-8-b,- davon im Rahmen der sozialen Sicherheit,,,,,,,,
PC-8-c,- sonstige,- sonstige,Liability,,,Yes,,PC-8,PC-8-c,- sonstige,,,,,,,,
PD,D. Rechnungsabgrenzungsposten,D. Rechnungsabgrenzungsposten,Liability,,,Yes,,Passiva,PD,D. Rechnungsabgrenzungskosten,,,,,,,,
PE,E. passive latente Steuern,E. passive latente Steuern,Liability,,,Yes,,Passiva,PE,E. passive latente Steuern,,,,,,,,
U-VER,Unbenutzte Konten Vermögen,Unbenutzte Konten Vermögen,Asset,,,Yes,,Aktiva,,,,,,,,,,
U-EK,Unbenutzte Konten Eigenkapital,Unbenutzte Konten Eigenkapital,Owner's Equity,,,Yes,,Passiva,,,,,,,,,,
U-FK,Unbenutzte Konten Fremdkapital,Unbenutzte Konten Fremdkapital,Liability,,,Yes,,Passiva,,,,,,,,,,
U-AUF,Unbenutzte Konten Aufwand,Unbenutzte Konten Aufwand,Expense,,,Yes,,GV-20,,,,,,,,,,
U-ERT,Unbenutzte Konten Ertrag,Unbenutzte Konten Ertrag,Revenue,,,Yes,,GV-20,,,,,,,,,,
U-SON,Unbenutzte Konten Sonstige,Unbenutzte Konten Sonstige,Memo,,,Yes,,Passiva,,,,,,,,,,
GV-1,1. Umsatzerlöse,Umsatzerlöse,Expense,,,Yes,,GV-RE,,,,,GV-1,1. Umsatzerlöse,,,,
GV-2,2. Erhöh./Verm. Bestand an Erzeugnissen,Erhöhung oder Verminderung des Bestands an fertigen und unfertigen Erzeugnissen,Expense,,,Yes,,GV-RE,,,,,GV-2,2. Erhöh./Verm. Bestand an Erzeugnissen,,,,
GV-3,3. andere aktivierte Eigenleistungen,andere aktivierte Eigenleistungen,Revenue,,,Yes,,GV-RE,,,,,GV-3,3. andere aktivierte Eigenleistungen,,,,
GV-4,4. sonstige betriebliche Erträge,sonstige betriebliche Erträge,Revenue,,,Yes,,GV-RE,,,,,GV-4,4. sonstige betriebliche Erträge,,,,
GV-5,5. Materialaufwand,Materialaufwand,Expense,,,Yes,,GV-RE,,,,,GV-5,5. Materialaufwand,,,,
GV-5-a,5. a) Aufwendungen Rohstoffe und bezogene Waren,"Aufwendungen für Roh-, Hilfs- und Betriebsstoffe und für bezogene Waren",Expense,,,Yes,,GV-5,,,,,GV-5-a,5. a) Aufwendungen Rohstoffe und bezogene Waren,,,,
GV-5-b,5. b) Aufwendungen für bezogene Leistungen,Aufwendungen für bezogene Leistungen,Expense,,,Yes,,GV-5,,,,,GV-5-b,5. b) Aufwendungen für bezogene Leistungen,,,,
GV-RE,Rohergebnis nach Gesamtkostenverfahren,Rohergebnis nach Gesamtkostenverfahren,Revenue,,,Yes,,GV-BE,,,,,GV-RE,Rohergebnis nach Gesamtkostenverfahren,,,,
GV-6,6. Personalaufwand,Personalaufwand,Expense,,,Yes,,GV-BE,,,,,GV-6,6. Personalaufwand,,,,
GV-6-a,6. a) Löhne und Gehälter,Löhne und Gehälter,Expense,,,Yes,,GV-6,,,,,GV-6-a,6. a) Löhne und Gehälter,,,,
GV-6-b,6. b) soziale Abgaben und Altersversorgung,soziale Abgaben und Aufwendungen für Altersversorgung und für Unterstützung,Expense,,,Yes,,GV-6,,,,,GV-6-b,6. b) soziale Abgaben und Altersversorgung,,,,
GV-6-b-z1,6. b) – davon für Altersversorgung,davon für Altersversorgung,Expense,,,Yes,,GV-6-b,,,,,GV-6-b-z1,6. b) – davon für Altersversorgung,,,,
GV-6-b-z2,6. b) – davon restliche,davon restliche,Expense,,,Yes,,GV-6-b,,,,,GV-6-b-z1,6. b) – davon für Altersversorgung,,,,
GV-7,7. Abschreibungen,Abschreibungen,Expense,,,Yes,,GV-BE,,,,,GV-7,7. Abschreibungen,,,,
GV-7-a,7. a) auf immat. Anlagevermögen und Sachanlagen,auf immaterielle Vermögensgegenstände des Anlagevermögens und Sachanlagen,Expense,,,Yes,,GV-7,,,,,GV-7-a,7. a) auf immat. Anlagevermögen und Sachanlagen,,,,
GV-7-b,7. b) auf Vermögensgegenstände des Umlaufvermögens,"auf Vermögensgegenstände des Umlaufvermögens, soweit diese die in der Kapitalgesellschaft üblichen Abschreibungen überschreiten",Expense,,,Yes,,GV-7,,,,,GV-7-b,7. b) auf Vermögensgegenstände des Umlaufvermögens,,,,
GV-8,8. sonstige betriebliche Aufwendungen,sonstige betriebliche Aufwendungen,Expense,,,Yes,,GV-BE,,,,,GV-8,8. sonstige betriebliche Aufwendungen,,,,
GV-BE,Betriebsergebnis nach GuV,Betriebsergebnis nach GuV,Revenue,,,Yes,,GV-14,,,,,GV-BE,Betriebsergebnis nach GuV,,,,
GV-9,9. Erträge aus Beteiligungen,Erträge aus Beteiligungen,Revenue,,,Yes,,GV-14,,,,,GV-9,9. Erträge aus Beteiligungen,,,,
GV-9-z1,9. - davon aus verbundenen Unternehmen,davon aus verbundenen Unternehmen,Revenue,,,Yes,,GV-9,,,,,GV-9-z1,9. - davon aus verbundenen Unternehmen,,,,
GV-9-z2,9. - davon aus verbundenen Unternehmen,davon aus verbundenen Unternehmen,Revenue,,,Yes,,GV-9,,,,,GV-9-z1,9. - davon aus verbundenen Unternehmen,,,,
GV-10,10. Erträge aus Wertpapieren und Ausleihungen,"Erträge aus anderen Wertpapieren und Ausleihungen des Finanzanlagevermögens,",Revenue,,,Yes,,GV-14,,,,,GV-10,10. Erträge aus Wertpapieren und Ausleihungen,,,,
GV-10-z1,10. - davon aus verbundenen Unternehmen,davon aus verbundenen Unternehmen,Revenue,,,Yes,,GV-10,,,,,GV-10-z1,10. - davon aus verbundenen Unternehmen,,,,
GV-10-z2,10. - davon restliche,davon restliche,Revenue,,,Yes,,GV-10,,,,,GV-10-z1,10. - davon aus verbundenen Unternehmen,,,,
GV-11,11. sonstige Zinsen und ähnliche Erträge,sonstige Zinsen und ähnliche Erträge,Revenue,,,Yes,,GV-14,,,,,GV-11,11. sonstige Zinsen und ähnliche Erträge,,,,
GV-11-z1,11. - davon aus verbundenen Unternehmen,davon aus verbundenen Unternehmen,Revenue,,,Yes,,GV-11,,,,,GV-11-z1,11. - davon aus verbundenen Unternehmen,,,,
GV-11-z2,11. - davon restliche,davon restliche,Revenue,,,Yes,,GV-11,,,,,GV-11-z1,11. - davon aus verbundenen Unternehmen,,,,
GV-12,12. Abschreib. auf Finanzanlagen des Umlaufvermögens,Abschreibungen auf Finanzanlagen und auf Wertpapiere des Umlaufvermögens,Expense,,,Yes,,GV-14,,,,,GV-12,12. Abschreib. auf Finanzanlagen des Umlaufvermögens,,,,
GV-13,13. Zinsen und ähnliche Aufwendungen,Zinsen und ähnliche Aufwendungen,Expense,,,Yes,,GV-14,,,,,GV-13,13. Zinsen und ähnliche Aufwendungen,,,,
GV-13-z1,13. - davon aus verbundenen Unternehmen,davon aus verbundenen Unternehmen,Expense,,,Yes,,GV-13,,,,,GV-13-z1,13. - davon aus verbundenen Unternehmen,,,,
GV-13-z2,13. - davon restliche,davon restliche,Expense,,,Yes,,GV-13,,,,,GV-13-z1,13. - davon aus verbundenen Unternehmen,,,,
GV-14,14. Ergebnis der gewöhnlichen Geschäftstätigkeit,Ergebnis der gewöhnlichen Geschäftstätigkeit,Revenue,,,Yes,,GV-17,,,,,GV-14,14. Ergebnis der gewöhnlichen Geschäftstätigkeit,,,,
GV-15,15. außerordentliche Erträge,außerordentliche Erträge,Revenue,,,Yes,,GV-17,,,,,GV-15,15. außerordentliche Erträge,,,,
GV-16,16. außerordentliche Aufwendungen,außerordentliche Aufwendungen,Expense,,,Yes,,GV-17,,,,,GV-16,16. außerordentliche Aufwendungen,,,,
GV-17,17. außerordentliches Ergebnis,außerordentliches Ergebnis,Revenue,,,Yes,,GV-20,,,,,GV-17,17. außerordentliches Ergebnis,,,,
GV-18,18. Steuern vom Einkommen und vom Ertrag,Steuern vom Einkommen und vom Ertrag,Expense,,,Yes,,GV-20,,,,,GV-18,18. Steuern vom Einkommen und vom Ertrag,,,,
GV-19,19. sonstige Steuern,sonstige Steuern,Expense,,,Yes,,GV-20,,,,,GV-19,19. sonstige Steuern,,,,
GV-20,20. Jahresüberschuß/Jahresfehlbetrag,Jahresüberschuß/Jahresfehlbetrag,Revenue,,,Yes,,PA-V,,,,,GV-20,20. Jahresüberschuß/Jahresfehlbetrag,,,,
0240,Geschäftsbauten,Geschäftsbauten,Asset,,,No,,AA-II-1,,,,,,,,,,
0440,Maschinen,Maschinen,Asset,,,No,,AA-II-2,,,,,,,,,,
0520,Pkw,Pkw,Asset,,,No,,AA-II-2,,,,,,,,,,
0540,Lkw,Lkw,Asset,,,No,,AA-II-2,,,,,,,,,,
0630,Betriebsausstattung,Betriebsausstattung,Asset,,,No,,AA-II-3,,,,,,,,,,
0640,** Ladeneinrichtungen,Ladeneinrichtungen,Asset,,,No,,AA-II-3,,,,,,,,,,
0650 01,Büroeinrichtung – Büromaschinen,Büroeinrichtungen,Asset,,,No,,AA-II-3,,,,,,,,,,
0650 02,Büroeinrichtung – Büro- und Lagereinrichtung,Büroeinrichtungen,Asset,,,No,,AA-II-3,,,,,,,,,,
0670,Geringwertige Wirtschaftsgüter,Geringwertige Wirtschaftsgüter,Asset,,,No,,AA-II-3,,,,,,,,,,
0680,Einbauten in fremde Grundstücke,Einbauten in fremde Grundstücke,Asset,,,No,,AA-II-3,,,,,,,,,,
0690,Sonstige Betriebs- und Geschäftsausstattung,Sonstige Betriebs- und Geschäftsausstattung,Asset,,,No,,AA-II-3,,,,,,,,,,
0860,Beteiligungen an Personengesellschaften,Beteiligungen an Personengesellschaften,Asset,,,No,,AA-III-3,,,,,,,,,,
0900,Wertpapiere des Anlagevermögens,Wertpapiere des Anlagevermögens,Asset,,,No,,AA-III-5,,,,,,,,,,
1000,* Roh-- Hilfs- und Betriebsstoffe (Bestand),Product Inventory Account,Asset,,Yes,No,P_ASSET_ACCT,U-VER,,,,,,,,,,
1040,* Unfertige Erzeugnisse/unfertige Leistungen (Bestand),We delivered but have not invoiced yet,Asset,,Yes,No,NOTINVOICEDRECEIVABLES_ACCT,U-VER,,,,,,,,,,
1080,* Unfertige Leistungen,Asset Work in Progress,Asset,,Yes,No,PJ_WIP_ACCT,U-VER,,,,,,,,,,
1110,* Fertige Erzeugnisse (Bestand),Created Asset,Asset,,Yes,No,PJ_ASSET_ACCT,U-VER,,,,,,,,,,
1140,Waren (Bestand),Inventory Account,Asset,,Yes,No,W_INVENTORY_ACCT,AB-I-3,,,,,,,,,,
1141,* Lager Bestandswert Korrektur,Inventory Actual Accounting Value Adjustment,Asset,,Yes,No,W_INVACTUALADJUST_ACCT,U-VER,,,,,,,,,,
1142,* Lager Differenzkorrektur Gewinn / Verlust,Physical Inventory Gain/Loss,Expense,,Yes,No,W_DIFFERENCES_ACCT,U-AUF,,,,,,,,,,
1143,* Lager Differenzkorrektur Marktwert,Difference to (lower cost) or market,Expense,,Yes,No,W_REVALUATION_ACCT,U-AUF,,,,,,,,,,
1144,* Lager Bestand Zwischenkonto,Lager Bestand Zwischenkonto,Asset,,Yes,No,P_INVENTORYCLEARING_ACCT,U-VER,,,,,,,,,,
1180,* Geleistete Anzahlungen auf Vorräte,Prepayments for future expense,Asset,,Yes,No,V_PREPAYMENT_ACCT,U-VER,,,,,,,,,,
1200,Forderungen aus Lieferungen und Leistungen ,Forderungen aus Lieferungen u.Leistung,Asset,,Yes,No,C_RECEIVABLE_ACCT,AB-II-1,,,,,,,,,,
1206,* Forderungen aus Dienstleistungen,Forderungen aus Dienstleistungen,Asset,,Yes,No,C_RECEIVABLE_SERVICES_ACCT,U-VER,,,,,,,,,,
1240,Wertberichtigungen auf Forderungen Ware,Einzelwertberichtigungen auf Forderungen,Asset,,,No,,AB-II-1,,,,,,,,,,
1246,Einzel-WB Forderungen bis 1 Jahr,Einzelwertberichtigungen auf Forderungen mit einer Restlaufzeit bis zu 1 Jahr,Asset,,,No,,AB-II-1,,,,,,,,,,
1248,Pauschal-WB Forderungen bis 1 Jahr,Pauschalwertberichtigung auf Forderung mit einer Restlaufzeit bis zu 1 Jahr,Asset,,,No,,AB-II-1,,,,,,,,,,
1260,* Forderungen gegen verbundene Unternehmen,Default Receivables account for intercompany trx,Asset,,Yes,No,INTERCOMPANYDUEFROM_ACCT,U-VER,,,,,,,,,,
1300 00,Sonstige Forderungen,Sonstige Forderungen,Asset,,,No,,AB-II-4,,,,,,,,,,
1300 01,Forderungen Mietrückstände,Sonstige Forderungen – Forderungen Mietrückstände,Asset,,,No,,AB-II-4,,,,,,,,,,
1300 02,Boni-Guthaben Lieferanten,Sonstige Forderungen – Boni-Guthaben Lieferanten,Asset,,,No,,AB-II-4,,,,,,,,,,
1360 00,Forderungen aus Darlehen an Kunden,Forderungen aus Darlehen an Kunden,Asset,,,No,,AB-II-4,,,,,,,,,,
1360 01,Wertberichtigung auf Darlehens-Forderungen,Wertberichtigung auf Darlehens-Forderungen,Asset,,,No,,AB-II-4,,,,,,,,,,
1370,Durchlaufende Posten – Aufgeld Sammelkonto,Durchlaufende Posten,Asset,,,No,,AB-II-4,,,,,,,,,,
1400,Abziehbare Vorsteuer,Tax to be re-imbursed - before tax declaration,Asset,,Yes,No,T_CREDIT_ACCT,AB-II-4,,,,,,,,,,
1406 01,Abziehbare Vorsteuer 19%,Abziehbare Vorsteuer 19%,Asset,,,No,,AB-II-4,,,,,,,,,,
1406 02,Abziehbare Vorsteuer nicht automatisch,Abziehbare Vorsteuer nicht automatisch,Asset,,,No,,AB-II-4,,,,,,,,,,
1406 03,Abziehbare Vorsteuer 7%,Abziehbare Vorsteuer 7%,Asset,,,No,,AB-II-4,,,,,,,,,,
1406 05,Abziehbare Vorsteuer 0% ????,Abziehbare Vorsteuer 0% ????,Asset,,,No,,AB-II-4,,,,,,,,,,
1406 06,Abziehbare Vorsteuer innergemeinsch. Erwerb ????,Abziehbare Vorsteuer innergemeinsch. Erwerb ????,Asset,,,No,,AB-II-4,,,,,,,,,,
1422,Umsatzsteuer Forderungen aus Vorjahr,Umsatzsteuer Forderungen aus Vorjahr,Asset,,,No,,AB-II-4,,,,,,,,,,
1435,Forderungen aus Gewerbesteuer Überzahlungen,Forderungen aus Gewerbesteuer Überzahlungen,Asset,,,No,,AB-II-4,,,,,,,,,,
1600,Kasse ,Petty Cash Account,Asset,,Yes,No,CB_ASSET_ACCT,AB-IV,,,,,,,,,,
1800,* Bank,* Bank,Asset,,Yes,No,B_ASSET_ACCT,U-VER,,,,,,,,,,
1800 01,Umbuchungen Storno etc.,Umbuchungen Storno etc.,Asset,,,No,,AB-IV,,,,,,,,,,
1801,Bankbewegungen noch nicht abgeglichen,Bank transactions in transit,Asset,,Yes,No,B_INTRANSIT_ACCT,U-VER,,,,,,,,,,
1802,* nicht identifizierte Bankzahlungen,Receipts from unidentified customer,Asset,,Yes,No,B_UNIDENTIFIED_ACCT,U-VER,,,,,,,,,,
1803,nicht zugeordnete Eingangszahlungen per Bank,Received unallocated payments,Asset,,Yes,No,B_UNALLOCATEDCASH_ACCT,U-VER,,,,,,,,,,
1804,nicht zugeordnete Ausgangszahlung per Bank,Selected invoices for payment ,Liability,,Yes,No,B_PAYMENTSELECT_ACCT,U-FK,,,,,,,,,,
1805,* Geldtransit,Petty Cash Transfer,Asset,,Yes,No,CB_CASHTRANSFER_ACCT,U-VER,,,,,,,,,,
1810,Sparkasse,Sparkasse,Asset,,,No,,AB-IV,,,,,,,,,,
1830,Volksbank,Volksbank,Asset,,,No,,AB-IV,,,,,,,,,,
1900,Aktive Rechnungsabgrenzung,Aktive Rechnungsabgrenzung,Asset,,,No,,AC,,,,,,,,,,
2000,Eigenkapital/Festkapital,Eigenkapital/Festkapital,Owner's Equity,,,No,,PA-I,,,,,,,,,,
2010,Variables Kapital,Variables Kapital,Owner's Equity,,,No,,PA-I,,,,,,,,,,
2110,Privatentnahmen Thomas Bayen,Privatentnahmen Thomas Bayen,Owner's Equity,,,No,,PA-I,,,,,,,,,,
2112,Privatentnahmen Spenden,Privatentnahmen Spenden,Owner's Equity,,,No,,PC-8-c,,,,,,,,,,
2970,* Gewinnvortrag vor Verwendung,Year end processing to balance account (Retained Earnings),Liability,,Yes,No,INCOMESUMMARY_ACCT,U-FK,,,,,,,,,,
3000,Pensionsrückstellungen F.J. Martin-Bayen,Pensionsrückstellungen F.J. Martin-Bayen,Liability,,,No,,PB-1,,,,,,,,,,
3074 01,Rückstellung Resturlaub,Rückstellung Resturlaub,Liability,,,No,,PB-3,,,,,,,,,,
3074 02,Rückstellung Berufsgenossenschaft,Rückstellung Berufsgenossenschaft,Liability,,,No,,PB-3,,,,,,,,,,
3030,Rückstellung Gewerbesteuer,Rückstellung Gewerbesteuer,Liability,,,No,,PB-2,,,,,,,,,,
3080 02,Rückstellung Fehlende Fässer,Rückstellung Fehlende Fässer,Liability,,,No,,PB-3,,,,,,,,,,
3080 03,Rückstellung Leergut Flaschen + Kästen,Rückstellung Leergut Flaschen + Kästen,Liability,,,No,,PB-3,,,,,,,,,,
3080 04,Rückstellung Gastro – Fässer,Rückstellung Gastro – Fässer,Liability,,,No,,PB-3,,,,,,,,,,
3080 05,Rückstellung Kundenboni,Rückstellung Kundenboni,Liability,,,No,,PB-3,,,,,,,,,,
3081 01,Rückstellung Bürgschaften an Brauereien,Rückstellung Bürgschaften an Brauereien,Liability,,,No,,PB-3,,,,,,,,,,
3090,* Rückstellungen für Gewährleistungen (Gegenkto),Withholding for 1099 or Quality Guarantee,Liability,,Yes,No,WITHHOLDING_ACCT,U-FK,,,,,,,,,,
3095,Rückstellungen für Abschluss- und Prüfungskosten,Rückstellungen für Abschluss- und Prüfungskosten,Liability,,,No,,PB-3,,,,,,,,,,
3250,* Erhaltene Anzahlungen auf Bestellungen,Prepayments for future revenue,Liability,,Yes,No,C_PREPAYMENT_ACCT,U-FK,,,,,,,,,,
3300,Verbindlichkeiten aus Lieferungen und Leistungen ,Accounts Payables,Liability,,Yes,No,V_LIABILITY_ACCT,PC-4,,,,,,,,,,
3301,* Lieferanten Verbindlichkeiten Dienstleistungen,Accounts Payables for non-product revenue,Liability,,Yes,No,V_LIABILITY_SERVICES_ACCT,U-FK,,,,,,,,,,
3400,* Verbindlichkeiten gegenüber verbundenen Unternehmen,Default Payables account for intercompany trx,Liability,,Yes,No,INTERCOMPANYDUETO_ACCT,U-FK,,,,,,,,,,
3500 01,Sonstige Verbindlichkeiten,Sonstige Verbindlichkeiten,Liability,,,No,,PC-8-c,,,,,,,,,,
3500 02,Sonstige Verbindlichkeiten Lohnsteuer,Sonstige Verbindlichkeiten Lohnsteuer,Liability,,,No,,PC-8-a,,,,,,,,,,
3500 03,Boni-Guthaben Kunden,Boni-Guthaben Kunden,Liability,,,No,,PC-8-c,,,,,,,,,,
3550,Erhaltene Kautionen,Kautions-Guthaben Kunden,Liability,,,No,,PC-8-c,,,,,,,,,,
3565,Verbindlichkeiten aus Darlehen von Lieferanten,Verbindlichkeiten aus Darlehen von Lieferanten,Liability,,,No,,PC-8-c,,,,,,,,,,
3720,Verbindlichkeiten aus Lohn und Gehalt,Verbindlichkeiten aus Lohn und Gehalt,Liability,,,No,,PC-8-c,,,,,,,,,,
3800,* Umsatzsteuer,Tax to be paid - before tax declaration,Liability,,Yes,No,T_DUE_ACCT,PC-8-a,,,,,,,,,,
3806 01,Umsatzsteuer 19%,Umsatzsteuer 19%,Liability,,,No,,PC-8-a,,,,,,,,,,
3806 02,Umsatzsteuer 16%,Umsatzsteuer 16%,Liability,,,No,,PC-8-a,,,,,,,,,,
3809,USt aus innergem. Erwerb o. VSt-Abzug,Umsatzsteuer aus innergemeinschaftlichem Erwerb ohne Vorsteuerabzug,Liability,,,No,,PC-8-a,,,,,,,,,,
3820,Umsatzsteuer- Vorauszahlungen,Umsatzsteuer- Vorauszahlungen,Liability,,,No,,PC-8-a,,,,,,,,,,
3841,Umsatzsteuer Vorjahr,Umsatzsteuer Vorjahr,Liability,,,No,,PC-8-a,,,,,,,,,,
3900,Passive Rechnungsabgrenzung,Passive Rechnungsabgrenzung,Liability,,,No,,PD,,,,,,,,,,
4400 00,Warenverkauf Erlöse,Warenverkauf Erlöse,Revenue,,Yes,No,P_REVENUE_ACCT,GV-1,,,,,,,,,,
4400 91,Warenverkauf Erlöse aus Kostenbeteiligung,Warenverkauf Erlöse aus Kostenbeteiligung,Revenue,,Yes,No,,GV-1,,,,,,,,,,
4401,* Vorausberechnete Einnahmen,We have invoiced but not delivered yet,Revenue,,Yes,No,UNEARNEDREVENUE_ACCT,U-ERT,,,,,,,,,,
4402,* Sonstige Einnahmen,Default other revenue,Revenue,,Yes,No,CH_REVENUE_ACCT,U-ERT,,,,,,,,,,
4403,* Konto Kasse Ertrag,Default other revenue for petty cash transactions,Revenue,,Yes,No,CB_RECEIPT_ACCT,U-ERT,,,,,,,,,,
4499,* Nicht abgerechnete Einnahmen,We delivered but have not invoiced yet,Revenue,,Yes,No,NOTINVOICEDREVENUE_ACCT,U-ERT,,,,,,,,,,
4620,Privatentnahme Ware 19%,Entnahme durch den Unternehmer für Zwecke außerhalb des Unternehmens (Waren) 19% USt,Revenue,,,No,,GV-1,,,,,,,,,,
4705,Erlösschmälerungen aus steuerfr. Umsätzen,Erlösschmälerungen aus steuerfreien Umsätzen § 4 Nr. 1a UStG (z.B. Kundenboni MwSt-frei),Revenue,,,No,,GV-1,,,,,,,,,,
4736,Gewährte Skonti 19% USt,Gewährte Skonti 19% USt,Revenue,,Yes,No,PAYDISCOUNT_EXP_ACCT,GV-1,,,,,,,,,,
4737,Gewährte Skonti 16% USt,Gewährte Skonti 16% USt,Revenue,,,No,,GV-1,,,,,,,,,,
4760,Gewährte Boni 19% USt,Gewährte Boni 19% USt,Expense,,,No,,GV-1,,,,,,,,,,
4770,* Gewährte Rabatte,Granted Trade discounts (corrects Product Revenue),Expense,,Yes,No,P_TRADEDISCOUNTGRANT_ACCT,U-AUF,,,,,,,,,,
4840,* Erträge aus Kursdifferenzen,Foreign currency bank account loss,Expense,,Yes,No,B_REVALUATIONLOSS_ACCT,U-AUF,,,,,,,,,,
4845,Erlöse aus Verkauf Sachanlagen 19% USt.,Erlöse aus Verkäufen Sachanlagevermögen 19% USt. (bei Buchgewinn),Revenue,,,No,,GV-4,,,,,,,,,,
4855,Anlagenabgänge Sachanlagen,Anlagenabgänge Sachanlagen (Restbuchwert bei Buchgewinn),Revenue,,,No,,GV-4,,,,,,,,,,
4861,Erlöse aus Vermietung und Verpachtung Ust-frei,Erlöse aus Vermietung und Verpachtung Ust-frei,Revenue,,,No,,GV-4,,,,,,,,,,
4862,Erlöse aus Vermietung und Verpachtung USt-pflichtig,Erlöse aus Vermietung und Verpachtung USt-pflichtig,Revenue,,,No,,GV-4,,,,,,,,,,
4871,* Nicht realisierbare Währungsdifferenzen,Difference between foreign currency receivables/payables and current rate,Revenue,,Yes,No,UNREALIZEDGAIN_ACCT,U-ERT,,,,,,,,,,
4872,* Realisierte Währungsdifferenzen,Difference between invoice and payment currency,Revenue,,Yes,No,REALIZEDGAIN_ACCT,U-ERT,,,,,,,,,,
4873,* Produkt Rechnung Preisdifferenz,Difference between product cost and invoice price (IPV),Expense,,Yes,No,P_INVOICEPRICEVARIANCE_ACCT,U-AUF,,,,,,,,,,
4874,* Realisierte Währungsdifferenzen,Difference between invoice and payment currency,Expense,,Yes,No,REALIZEDLOSS_ACCT,U-AUF,,,,,,,,,,
4875,* Erträge a. Währungsumstellung auf Euro,Erträge a. Währungsumstellung auf Euro,Expense,,Yes,No,P_PURCHASEPRICEVARIANCE_ACCT,U-AUF,,,,,,,,,,
4877,* Bank Währungsverlust (Konto),Difference between payment and bank account currency,Expense,,Yes,No,B_SETTLEMENTLOSS_ACCT,U-AUF,,,,,,,,,,
4878,* Währungsdifferenz zum Kontenausgleich,Rounding difference to make journal balance in accounting currency,Expense,,Yes,No,CURRENCYBALANCING_ACCT,U-AUF,,,,,,,,,,
4879,* Nicht realisierbare Währungsdifferenzen,Difference between foreign currency receivables/payables and current rate,Expense,,Yes,No,UNREALIZEDLOSS_ACCT,U-AUF,,,,,,,,,,
4881,* Bank Bewertungsertrag,Foreign currency bank account gain,Revenue,,Yes,No,B_REVALUATIONGAIN_ACCT,U-ERT,,,,,,,,,,
4882,* Rundungsdifferenzen,Difference to make journal balance in source currency - needs to be solved,Asset,,Yes,No,SUSPENSEBALANCING_ACCT,U-VER,,,,,,,,,,
4883,* Kassendifferenzen,Petty Cash Differences,Expense,,Yes,No,CB_DIFFERENCES_ACCT,U-ERT,,,,,,,,,,
4935,Erträge aus Auflösung steuerlicher Rücklagen,Erträge aus Auflösung steuerlicher Rücklagen (Auflösung Wertberichtigungen),Revenue,,,No,,GV-4,,,,,,,,,,
5400,* Wareneinkauf diverse,Wareneinkauf diverse,Expense,,Yes,No,DEFAULT_ACCT,U-ERT,,,,,,,,,,
5400 10,Wareneinkauf Bier,Wareneinkauf Bier,Expense,,Yes,No,,GV-5-a,,,,,,,,,,
5400 20,Wareneinkauf Mineralbrunnen/Limonaden,Wareneinkauf Mineralbrunnen/Limonaden,Expense,,Yes,No,,GV-5-a,,,,,,,,,,
5400 40,Wareneinkauf Heilbrunnen,Wareneinkauf Heilbrunnen,Expense,,Yes,No,,GV-5-a,,,,,,,,,,
5400 50,Wareneinkauf Fruchtsäfte,Wareneinkauf Fruchtsäfte,Expense,,Yes,No,,GV-5-a,,,,,,,,,,
5400 60,Wareneinkauf Wein/Spirituosen/Sekt,Wareneinkauf Wein/Spirituosen/Sekt,Expense,,Yes,No,,GV-5-a,,,,,,,,,,
5400 90,Wareneinkauf Leergut,Wareneinkauf Leergut,Expense,,Yes,No,,GV-5-a,,,,,,,,,,
5400 91,Wareneinkauf Kostenbeteiligung/Vorlagen,Wareneinkauf Kostenbeteiligung/Vorlagen,Expense,,Yes,No,,GV-5-a,,,,,,,,,,
5401,* Produkt Ausgaben,Default Product or Service costs (I.e. not on inventory),Expense,,Yes,No,P_EXPENSE_ACCT,U-ERT,,,,,,,,,,
5402,* Produkt Vertriebsausgaben,Cost of Goods Sold,Expense,,Yes,No,P_COGS_ACCT,U-ERT,,,,,,,,,,
5403,* Konto Kasse Aufwand,Default other expense for petty cash transactions,Expense,,Yes,No,CB_EXPENSE_ACCT,U-ERT,,,,,,,,,,
5404,* Einkauf Preisvarianz Ausgleich,Offset Account for Purchase price variance (PPV) ,Expense,,Yes,No,PPVOFFSET_ACCT,U-ERT,,,,,,,,,,
5405,* Vom Lieferanten geliefert aber noch nicht abgerechnet,Received products/services from vendors but not invoiced,Expense,Natural,Yes,No,NOTINVOICEDRECEIPTS_ACCT,U-ERT,,,,,,,,,,
5435,Innergemeinschaftlicher Erwerb ohne VSt – Wein,Innergemeinschaftlicher Erwerb ohne VSt – Wein,Expense,,,No,,GV-5-a,,,,,,,,,,
5736,Erhaltene Skonti 19% Vorsteuer,Granted early payment discount from vendors,Expense,,Yes,No,PAYDISCOUNT_REV_ACCT,GV-5-a,,,,,,,,,,
5760,erhaltene Boni 19% Vorsteuer,erhaltene Boni 19% Vorsteuer,Revenue,,,No,,GV-5-a,,,,,,,,,,
5770,Erhaltene Rabatte,Received Trade Discounts (corrects Product expense),Revenue,,Yes,No,P_TRADEDISCOUNTREC_ACCT,GV-5-a,,,,,,,,,,
5800,Wareneinkauf Einkaufsfrachten,Wareneinkauf Einkaufsfrachten,Expense,,,No,,GV-5-a,,,,,,,,,,
5801,* Bezugsnebenkosten,Product Cost Adjustments,Expense,,Yes,No,P_COSTADJUSTMENT_ACCT,GV-5-a,,,,,,,,,,
6000,Löhne und Gehälter,Löhne und Gehälter,Expense,,Yes,No,E_EXPENSE_ACCT,GV-6-a,,,,,,,,,,
6000 01,Löhne KK Erstattungen,Löhne KK Erstattungen,Expense,,,No,,GV-6-a,,,,,,,,,,
6130,"Freiwillige soziale Aufwendungen, Lst-frei","Freiwillige soziale Aufwendungen, Lst-frei",Expense,,,No,,GV-6-b-z2,,,,,,,,,,
6140,Aufwendungen für Altersvorsorge (Versicherungen),Aufwendungen für Altersvorsorge (Versicherungen),Expense,,,No,,GV-6-b-z1,,,,,,,,,,
6220,Abschreibungen auf Sachanlagen,Abschreibungen auf Sachanlagen,Expense,,,No,,GV-7-a,,,,,,,,,,
6280,Forderungsverluste aus Darlehen,Forderungsverluste ohne USt. (z.B. Darlehen) (soweit unüblich hoch),Expense,,,No,,GV-7-b,,,,,,,,,,
6286,Forderungsverluste aus Ware USt.-pflichtig,Forderungsverluste USt.-pflichtig (z.B. Ware) (soweit unüblich hoch),Expense,,,No,,GV-7-b,,,,,,,,,,
6300,* Sonstige betriebliche Aufwendungen,Default other expense,Expense,Natural,Yes,No,CH_EXPENSE_ACCT,GV-8,,,,,,,,,,
6320,Heizung,Heizung,Expense,,,No,,GV-8,,,,,,,,,,
6325,Gas- Strom- Wasser,Gas- Strom- Wasser,Expense,,,No,,GV-8,,,,,,,,,,
6335,Instandhaltung betrieblicher Räume,Instandhaltung betrieblicher Räume,Expense,,,No,,GV-8,,,,,,,,,,
6350,Grundstücksaufwendungen betrieblich,Grundstücksaufwendungen betrieblich,Expense,,,No,,GV-8,,,,,,,,,,
6400,Versicherungen allgemein,Versicherungen allgemein,Expense,,,No,,GV-8,,,,,,,,,,
6420,Beiträge ,Beiträge ,Expense,,,No,,GV-8,,,,,,,,,,
6520,Kfz-Versicherungen,Kfz-Versicherungen,Expense,,,No,,GV-8,,,,,,,,,,
6530,Laufende Kfz-Betriebskosten,Laufende Kfz-Betriebskosten,Expense,,,No,,GV-8,,,,,,,,,,
6540,Kfz-Reparaturen,Kfz-Reparaturen,Expense,,,No,,GV-8,,,,,,,,,,
6600 01,Werbekosten Inserate etc.,Werbekosten Inserate etc.,Expense,,,No,,GV-8,,,,,,,,,,
6600 02,Werbekosten Gastro-Kunden (Anzeigen),Werbekosten Gastro-Kunden (Anzeigen),Expense,,,No,,GV-8,,,,,,,,,,
6610,Geschenke abzugsfähig (auch Blumen),Geschenke abzugsfähig (auch Blumen),Expense,,,No,,GV-8,,,,,,,,,,
6630,Kosten für Anbahn. und Unterh. von Gesch.,Repräsentationskosten,Expense,,,No,,GV-8,,,,,,,,,,
6640,Bewirtungskosten,Bewirtungskosten,Expense,,,No,,GV-8,,,,,,,,,,
6650,Reisekosten Arbeitnehmer,Reisekosten Arbeitnehmer,Expense,,,No,,GV-8,,,,,,,,,,
6663,Reisekosten Arbeitnehmer Fahrkosten,Reisekosten Arbeitnehmer Fahrkosten,Expense,,,No,,GV-8,,,,,,,,,,
6668,Kilometergelderstattung Arbeitnehmer,Kilometergelderstattung Arbeitnehmer,Expense,,,No,,GV-8,,,,,,,,,,
6673,Reisekosten Unternehmer Fahrkosten,Reisekosten Unternehmer Fahrkosten,Expense,,,No,,GV-8,,,,,,,,,,
6800,Porto,Porto,Expense,,,No,,GV-8,,,,,,,,,,
6805,Telefon,Telefon,Expense,,,No,,GV-8,,,,,,,,,,
6815 01,Bürobedarf – Büromaterial,Bürobedarf,Expense,,,No,,GV-8,,,,,,,,,,
6815 02,Bürobedarf – EDV-Kosten,Bürobedarf – EDV-Kosten,Expense,,,No,,GV-8,,,,,,,,,,
6825,Rechts- und Beratungskosten,Rechts- und Beratungskosten,Expense,,,No,,GV-8,,,,,,,,,,
6850,Allgemeine Verwaltung Betriebskosten,Sonstiger Betriebsbedarf - Allgemeine Verwaltung Betriebskosten,Expense,,,No,,GV-8,,,,,,,,,,
6855 00,Nebenkosten des Geldverkehrs,"Bankgebühren, etc.",Expense,,,No,B_EXPENSE_ACCT,GV-8,,,,,,,,,,
6855 01,Wertpapier – Aufwendungen,Wertpapier – Aufwendungen,Expense,,,No,,GV-8,,,,,,,,,,
6930,* Forderungsverluste (übliche Höhe),Forderungsverluste (übliche Höhe),Expense,,Yes,No,WRITEOFF_ACCT,U-ERT,,,,,,,,,,
7014 00,Wertpapier-Erträge,Wertpapier-Erträge,Revenue,,,No,,GV-10-z2,,,,,,,,,,
7014 01,Zinserträge Zinsabschlagsteuer,Zinserträge Zinsabschlagsteuer,Revenue,,,No,,GV-10-z2,,,,,,,,,,
7014 02,Zinserträge Solidaritätszuschlag,Zinserträge Solidaritätszuschlag,Revenue,,,No,,GV-10-z2,,,,,,,,,,
7100,Sonstige Zinsen und ähnliche Erträge,Sonstige Zinsen und ähnliche Erträge,Revenue,,,No,B_INTERESTREV_ACCT,GV-11-z2,,,,,,,,,,
7107,Zinserträge,Zinserträge,Revenue,,,No,,GV-11-z2,,,,,,,,,,
7130,* Diskonterträge,Difference between payment and bank account currency,Revenue,,Yes,No,B_SETTLEMENTGAIN_ACCT,U-AUF,,,,,,,,,,
7300 01,Zinsen für langfristiges Fremdkapital,Zinsen für langfristiges Fremdkapital,Expense,,,No,,GV-11-z2,,,,,,,,,,
7300 02,Zinsen für kurzfristiges Fremdkapital,Zinsen für kurzfristiges Fremdkapital,Expense,,,No,,GV-11-z2,,,,,,,,,,
documents not compressed,Zinsen auf Tantiemekonten,Zinsen auf Tantiemekonten,Expense,,,No,,GV-11-z2,,,,,,,,,,
7310,* Zinsaufwendungen für kurzfristige Verbindl.,Interest paid,Expense,,Yes,No,B_INTERESTEXP_ACCT,U-AUF,,,,,,,,,,
7400,außerordentliche Erträge,außerordentliche Erträge,Revenue,,,No,,GV-15,,,,,,,,,,
7500,außerordentliche Aufwendungen,außerordentliche Aufwendungen,Expense,,,No,,GV-16,,,,,,,,,,
7610,Gewerbesteuer ,Gewerbesteuer ,Expense,,,No,,GV-18,,,,,,,,,,
7650,* Sonstige Steuern ,Sales Tax paid to vendors,Expense,,Yes,No,T_EXPENSE_ACCT,U-AUF,,,,,,,,,,
7685,Kfz-Steuer,Kfz-Steuer,Expense,,,No,,GV-19,,,,,,,,,,
9000 00,Anlagen,Eröffnungsbilanz,Owner's Equity,,,No,,PA-V,,,,,,,,,,
9000 02,Schlussbilanz,Schlussbilanz,Owner's Equity,,,No,,PA-V,,,,,,,,,,
9000 04,G + V Vortragskonto,G + V Vortragskonto,Owner's Equity,,,No,RETAINEDEARNING_ACCT,PA-IV,,,,,,,,,,
9900,* SO Commitment,* SO Commitment,Memo,,Yes,No,COMMITMENTOFFSETSALES_ACCT,U-SON,,,,,,,,,,
9901,* PO Commitment,* PO Commitment,Memo,,Yes,No,COMMITMENTOFFSET_ACCT,U-SON,,,,,,,,,,
9902,* Burden (Absorbed),Burden Absorbed account,Expense,,Yes,No,P_BURDEN_ACCT,U-AUF,,,,,,,,,,
9903,* Cost Of Production,Cost Of Production Account,Expense,,Yes,No,P_COSTOFPRODUCTION_ACCT,U-AUF,,,,,,,,,,
9904,* Floor Stock,Floor Stock Account,Asset,,Yes,No,P_FLOORSTOCK_ACCT,U-VER,,,,,,,,,,
9905,* Labor (Absorbed),Labor Absorbed account,Expense,,Yes,No,P_LABOR_ACCT,U-AUF,,,,,,,,,,
9906,* Method Change Variance,Account for Method Change Variance,Expense,,Yes,No,P_METHODCHANGEVARIANCE_ACCT,U-AUF,,,,,,,,,,
9907,* Mix Variance,Account for Mix Variance,Expense,,Yes,No,P_MIXVARIANCE_ACCT,U-AUF,,,,,,,,,,
9908,* Outside Processing (Subcontract),Outside Processing Account,Expense,,Yes,No,P_OUTSIDEPROCESSING_ACCT,U-AUF,,,,,,,,,,
9909,* Overhead (Applied),Overhead Applied account,Expense,,Yes,No,P_OVERHEAD_ACCT,U-AUF,,,,,,,,,,
9920,* Rate Variance,Account for Rate Variance,Expense,,Yes,No,P_RATEVARIANCE_ACCT,U-AUF,,,,,,,,,,
9921,* Scrap,Scrap Account,Expense,,Yes,No,P_SCRAP_ACCT,U-AUF,,,,,,,,,,
9922,* Using Variance,Account for Using Variance,Expense,,Yes,No,P_USAGEVARIANCE_ACCT,U-AUF,,,,,,,,,,
9923,* Work In Process,Work In Process Account,Asset,,Yes,No,P_WIP_ACCT,U-VER,,,,,,,,,,
9924,* Average Cost Variance,Account for Average Cost Variance,Expense,,Yes,No,P_AVERAGECOSTVARIANCE_ACCT,U-AUF,,,,,,,,,,
9999,Durchlaufende Posten ohne Mehrwertsteuer,Durchlaufende Posten ohne Mehrwertsteuer,Asset,,,No,,AB-IV,,,,,,,,,,
