[Account_Value],[Account_Name],[Account_Description],[Account_Type],[Account_Sign],[Account_Document],[Account_Summary],[Default_Account],[Account_Parent],[Balance Sheet],[Balance Sheet_Name],[US 1120 Balance Sheet],[US 1120 Balance Sheet_Name],[Profit & Loss],[Profit & Loss_Name],[US 1120 Income Statement],[US 1120 Income Statement_Name],[Cash Flow],[Cash Flow_Name]
1120,Gewinnvortrag vor Verwendung,GEWINNVORTRAG VOR VERWENDUNG,Liability,,Yes,,INCOMESUMMARY_ACCT,,,,,,,,,,,
1413-99,IN PRODUKTION,IN PRODUKTION,Asset,Debit,Yes,,,,,,,,,,,,,
1414-99,MATERIAL IN BENUTZUNG ZUR PROKUKTION,MATERIAL IN BENUTZUNG ZUR PROKUKTION,Asset,Debit,Yes,,,,,,,,,,,,,
1501,Rückstellungen für Gewährleistungen (Gegenkonto 6790),WITHHOLDING FOR 1099 OR QUALITY GUARANTEE,Liability,,Yes,,WITHHOLDING_ACCT,,,,,,,,,,,
1502,Erhaltene Anzahlungen auf Bestellungen,PREPAYMENTS FOR FUTURE REVENUE,Liability,,Yes,,C_PREPAYMENT_ACCT,,,,,,,,,,,
1503,Aktive Rechnungsabgrenzung,AKTIVE RECHNUNGSABGRENZUNG,Asset,Debit,,,,,,,,,,,,,,
1504,Grundstücke- grundstücksgleiche Rechte und Bauten einschließlich der Bauten auf fremden Grundstücken,GRUNDSTÜCKE- GRUNDSTÜCKSGLEICHE RECHTE UND BAUTEN EINSCHLIESSLICH DER BAUTEN AUF FREMDEN GRUNDSTÜCKEN,Asset,Debit,,,,,,,,,,,,,,
1505,Kapitalrücklage,KAPITALRÜCKLAGE,Asset,,,,,,,,,,,,,,,
1506,Andere Gewinnrücklagen ,ANDERE GEWINNRÜCKLAGEN ,Asset,,,,,,,,,,,,,,,
2121,Verwaltungsgebäude Bartringen,VERWALTUNGSGEBÄUDE BARTRINGEN,Asset,Debit,,,,,,,,,,,,,,
2122,Grundstck Triangle Vert Profs,GRUNDSTCK TRIANGLE VERT PROFS,Asset,Debit,,,,,,,,,,,,,,
2122-50,Grundstck Triangle Vert Privat,GRUNDSTCK TRIANGLE VERT PRIVAT,Asset,Debit,,,,,,,,,,,,,,
2123,Triangle Vert im Bau bef.,TRIANGLE VERT IM BAU BEF.,Asset,Debit,,,,,,,,,,,,,,
2124,Transformationen,TRANSFORMATIONEN,Asset,Debit,,,,,,,,,,,,,,
2125,Bürogebäude SIPEL Tri.Vert,BÜROGEBÄUDE SIPEL TRI.VERT,Asset,Debit,,,,,,,,,,,,,,
2125-50,Mietwhng Gebäude SIPEL Tr.Vert,MIETWHNG GEBÄUDE SIPEL TR.VERT,Asset,Debit,,,,,,,,,,,,,,
2126,Bürogebäude Firma SIPEL (EU),BÜROGEBÄUDE FIRMA SIPEL (EU),Asset,Debit,,,,,,,,,,,,,,
2205,Lager-Einrichtung Ellange EU,LAGER-EINRICHTUNG ELLANGE EU,Asset,Debit,,,,,,,,,,,,,,
2211-40,Computer-Hardware,COMPUTER-HARDWARE,Asset,Debit,,,,,,,,,,,,,,
2211-50,Computer-Software,COMPUTER-SOFTWARE,Asset,Debit,,,,,,,,,,,,,,
2212,Computer-Hardware (EU),COMPUTER-HARDWARE (EU),Asset,Debit,,,,,,,,,,,,,,
2212-10,Computer-Software (EU),COMPUTER-SOFTWARE (EU),Asset,Debit,,,,,,,,,,,,,,
2212-21,AFA Computer,AFA COMPUTER,Asset,Debit,,,,,,,,,,,,,,
2221,Büromaterial,BÜROMATERIAL,Asset,Debit,,,,,,,,,,,,,,
2221-10,Büromöbel,BÜROMÖBEL,Asset,Debit,,,,,,,,,,,,,,
2221-20,Büromöbel Ellange,BÜROMÖBEL ELLANGE,Asset,Debit,,,,,,,,,,,,,,
2222-10,Büromaterial (EU),BÜROMATERIAL (EU),Asset,Debit,,,,,,,,,,,,,,
2222-20,Büromöbel (EU),BÜROMÖBEL (EU),Asset,Debit,,,,,,,,,,,,,,
2231,Fuhrpark,FUHRPARK,Asset,Debit,,,,,,,,,,,,,,
2232,Fuhrpark (EU),FUHRPARK (EU),Asset,Debit,,,,,,,,,,,,,,
2235,Fuhrpark Lager EU,FUHRPARK LAGER EU,Asset,Debit,,,,,,,,,,,,,,
2236,Fuhrpark Lager,FUHRPARK LAGER,Asset,Debit,,,,,,,,,,,,,,
2910,Abschreibungen Anlagevermögen,ABSCHREIBUNGEN ANLAGEVERMÖGEN,Asset,Credit,,,,,,,,,,,,,,
3001,Ausstehende Einlagen auf das gezeichnete Kapital- nichteingefordert (Aktivausweis),AUSSTEHENDE EINLAGEN AUF DAS GEZEICHNETE KAPITAL- NICHTEINGEFORDERT (AKTIVAUSWEIS),Asset,Debit,,,,,,,,,,,,,,
3001-1,Roh-- Hilfs- und Betriebsstoffe (Bestand),ROH-- HILFS- UND BETRIEBSSTOFFE (BESTAND),Asset,Debit,Yes,,P_ASSET_ACCT,,,,,,,,,,,
300110,Warenbestand Kabel Standard,WARENBESTAND KABEL STANDARD,Asset,Debit,,,,,,,,,,,,,,
300120,Warenbestand Kab+Sys Informatk,WARENBESTAND KAB+SYS INFORMATK,Asset,Debit,,,,,,,,,,,,,,
300130,Warenbestand Kabel Spezial,WARENBESTAND KABEL SPEZIAL,Asset,Debit,,,,,,,,,,,,,,
3002,Konzessionen- gewerbliche Schutzrechte und ähnliche Rechte und Werte sowie Lizenzen an solchen Rechten und Werten,KONZESSIONEN- GEWERBLICHE SCHUTZRECHTE UND ÄHNLICHE RECHTE UND WERTE SOWIE LIZENZEN AN SOLCHEN RECHTEN UND WERTEN,Asset,Debit,,,,,,,,,,,,,,
300210,Warenbestand Leuchten,WARENBESTAND LEUCHTEN,Asset,Debit,,,,,,,,,,,,,,
300220,Warenbestand Lampen,WARENBESTAND LAMPEN,Asset,Debit,,,,,,,,,,,,,,
300230,Warenbestand Hospitaltechnik,WARENBESTAND HOSPITALTECHNIK,Asset,Debit,,,,,,,,,,,,,,
300310,Warenbestand Trilux Konsign.,WARENBESTAND TRILUX KONSIGN.,Asset,Debit,,,,,,,,,,,,,,
300400,Warenbestand Inst.Material,WARENBESTAND INST.MATERIAL,Asset,Debit,,,,,,,,,,,,,,
3008,Waren (Bestand),WAREN (BESTAND),Asset,Debit,Yes,,W_INVENTORY_ACCT,,,,,,,,,,,
300800,Warenbestand Metall in Kabeln,WARENBESTAND METALL IN KABELN,Asset,Debit,,,,,,,,,,,,,,
3009,Unfertige Leistungen,UNFERTIGE LEISTUNGEN,Asset,Debit,Yes,,PJ_WIP_ACCT,,,,,,,,,,,
300900,Unfertige Arbeiten,UNFERTIGE ARBEITEN,Asset,Debit,,,,,,,,,,,,,,
300901,Bestandsver.supp.2003,BESTANDSVER.SUPP.2003,Asset,Debit,,,,,,,,,,,,,,
3010,Unfertige Erzeugnisse- unfertige Leistungen (Bestand),UNFERTIGE ERZEUGNISSE- UNFERTIGE LEISTUNGEN (BESTAND),Asset,Debit,Yes,,NOTINVOICEDRECEIVABLES_ACCT,,,,,,,,,,,
3011,* Lager Bestandswert Korrektur,* LAGER BESTANDSWERT KORREKTUR,Asset,Debit,Yes,,W_INVACTUALADJUST_ACCT,,,,,,,,,,,
3012,* Lager Differenzkorrektur Gewinn / Verlust,* LAGER DIFFERENZKORREKTUR GEWINN / VERLUST,Expense,Debit,Yes,,W_DIFFERENCES_ACCT,,,,,,,,,,,
3013,* Lager Differenzkorrektur Marktwert,* LAGER DIFFERENZKORREKTUR MARKTWERT,Expense,Debit,Yes,,W_REVALUATION_ACCT,,,,,,,,,,,
3014,* Lager Bestand Zwischenkonto,LAGER BESTAND ZWISCHENKONTO,Asset,Debit,Yes,,P_INVENTORYCLEARING_ACCT,,,,,,,,,,,
3015,Geleistete Anzahlungen auf Vorräte,PREPAYMENTS FOR FUTURE EXPENSE,Asset,Debit,Yes,,V_PREPAYMENT_ACCT,,,,,,,,,,,
4010,Verbindlichkeiten aus Lieferungen und Leistungen ,VERBINDLICHKEITEN AUS LIEFERUNGEN UND LEISTUNGEN ,Liability,,Yes,,V_LIABILITY_ACCT,,,,,,,,,,,
4010-1,Lieferanten Verbindlichkeiten Dienstleistungen,LIEFERANTEN VERBINDLICHKEITEN DIENSTLEISTUNGEN,Liability,,Yes,,V_LIABILITY_SERVICES_ACCT,,,,,,,,,,,
4010-2,Verbindlichkeiten gegenüber verbundenen Unternehmen,DEFAULT PAYABLES ACCOUNT FOR INTERCOMPANY TRX,Liability,,Yes,,INTERCOMPANYDUETO_ACCT,,,,,,,,,,,
4011,Kreditoren Inland,KREDITOREN INLAND,Liability,Credit,,,,,,,,,,,,,,
4012,Kreditoren EU,KREDITOREN EU,Liability,Credit,,,,,,,,,,,,,,
4012-01,Kredit. EU Rg noch zu erhalten,KREDIT. EU RG NOCH ZU ERHALTEN,Liability,Debit,,,,,,,,,,,,,,
4013,Kreditoren Drittland,KREDITOREN DRITTLAND,Liability,Credit,,,,,,,,,,,,,,
4014,Fournisseurs Litiges,FOURNISSEURS LITIGES,Liability,Credit,,,,,,,,,,,,,,
4015,Faros,FAROS,Liability,Credit,,,,,,,,,,,,,,
4015-01,DZ-Licht,DZ-LICHT,Liability,Debit,,,,,,,,,,,,,,
4015-02,Poulp A.G.,POULP A.G.,Liability,Debit,,,,,,,,,,,,,,
4015-03,Scilo,SCILO,Liability,Debit,,,,,,,,,,,,,,
4015-04,Mode und Vertriebsagentur,MODE UND VERTRIEBSAGENTUR,Liability,Debit,,,,,,,,,,,,,,
4100,Forderungen aus Lieferungen und Leistungen ,FORDERUNGEN AUS LIEFERUNGEN U.LEISTUNG,Liability,Credit,Yes,,C_RECEIVABLE_ACCT,,,,,,,,,,,
4101,Forderungen aus Dienstleistungen,FORDERUNGEN AUS DIENSTLEISTUNGEN,Liability,Credit,Yes,,C_RECEIVABLE_SERVICES_ACCT,,,,,,,,,,,
4102,Forderungen aus Lieferungen und Leistungen ohne Kontokorent - Restlaufzeit bis 1 Jahr,FORDERUNGEN AUS LIEFERUNGEN UND LEISTUNGEN OHNE KONTOKORENT - RESTLAUFZEIT BIS 1 JAHR,Asset,Debit,Yes,,PJ_ASSET_ACCT,,,,,,,,,,,
4103,Forderungen gegen verbundene Unternehmen ,FORDERUNGEN GEGEN VERBUNDENE UNTERNEHMEN ,Asset,Debit,Yes,,INTERCOMPANYDUEFROM_ACCT,,,,,,,,,,,
4110,Debitoren Inland,DEBITOREN INLAND,Asset,Debit,,,,,,,,,,,,,,
4120,Debitoren EU,DEBITOREN EU,Asset,Debit,,,,,,,,,,,,,,
4121,Kundenrückst. 2001,KUNDENRÜCKST. 2001,Asset,Debit,,,,,,,,,,,,,,
4130,Debitoren DR,DEBITOREN DR,Asset,Debit,,,,,,,,,,,,,,
4140,Debitoren - Faillites,DEBITOREN - FAILLITES,Asset,Debit,,,,,,,,,,,,,,
4150,HUSKY MAINTENANCE,HUSKY MAINTENANCE,Asset,Debit,,,,,,,,,,,,,,
4180,Ford.Poulp/Scilo-TVA 95-98,FORD.POULP/SCILO-TVA 95-98,Asset,Debit,,,,,,,,,,,,,,
4181,Mtl.Mietnebenk 07/99-12/00,MTL.MIETNEBENK 07/99-12/00,Asset,Debit,,,,,,,,,,,,,,
4182,Forderungen gegen Unternehmen- mit denen ein Beteiligungsverhältnis besteht,FORDERUNGEN GEGEN UNTERNEHMEN- MIT DENEN EIN BETEILIGUNGSVERHÄLTNIS BESTEHT,Asset,Debit,,,,,,,,,,,,,,
4183,Sonstige Vermögensgegenstände,SONSTIGE VERMÖGENSGEGENSTÄNDE,Asset,Debit,,,,,,,,,,,,,,
4200,Forderungen gegen Personal aus Lohn- und Gehaltsabrechnung,FORDERUNGEN GEGEN PERSONAL AUS LOHN- UND GEHALTSABRECHNUNG,Liability,Debit,Yes,,E_PREPAYMENT_ACCT,,,,,,,,,,,
4220,Lohn- und Gehaltszahlung,LOHN- UND GEHALTSZAHLUNG,Liability,Debit,,,,,,,,,,,,,,
4230,Lohn- und Gehaltsberichtigung,LOHN- UND GEHALTSBERICHTIGUNG,Liability,Debit,,,,,,,,,,,,,,
4233,Berufskammern,BERUFSKAMMERN,Liability,Debit,,,,,,,,,,,,,,
4236-1,Vorsteuer 16%,VORSTEUER 16%,Liability,Debit,,,,,,,,,,,,,,
4240,Krankengeldentschädigung,KRANKENGELDENTSCHÄDIGUNG,Liability,Debit,,,,,,,,,,,,,,
4250,Sozialversicherung,SOZIALVERSICHERUNG,Liability,Debit,,,,,,,,,,,,,,
4260,Lohnrückerstattung (Congé Sp.),LOHNRÜCKERSTATTUNG (CONGÉ SP.),Liability,Debit,,,,,,,,,,,,,,
4270,Part privé Voiture,PART PRIVÉ VOITURE,Liability,Debit,,,,,,,,,,,,,,
4330,Verbindlichkeiten aus Betriebssteuern und -abgaben,TAX TO BE PAID BASED ON TAX DECLARATION,Liability,,Yes,,T_LIABILITY_ACCT,,,,,,,,,,,
4331,Gewerbesteuer-Vorauszahlung,GEWERBESTEUER-VORAUSZAHLUNG,Liability,Debit,,,,,,,,,,,,,,
4332,Vermögensteuer-Vorauszahlung,VERMÖGENSTEUER-VORAUSZAHLUNG,Liability,Debit,,,,,,,,,,,,,,
4333,Lohnsteuer-Vorauszahlung,LOHNSTEUER-VORAUSZAHLUNG,Liability,Debit,,,,,,,,,,,,,,
4334,Einkommensteuer-Vorauszahlung,EINKOMMENSTEUER-VORAUSZAHLUNG,Liability,Debit,,,,,,,,,,,,,,
4335,Steuerzahlung laut Besteuerung,STEUERZAHLUNG LAUT BESTEUERUNG,Liability,Debit,,,,,,,,,,,,,,
4336,Verbind.Vermögensst.,VERBIND.VERMÖGENSST.,Liability,Debit,,,,,,,,,,,,,,
4341,Steuerverwaltung,STEUERVERWALTUNG,Liability,Debit,,,,,,,,,,,,,,
4342,Gewerbesteuer,GEWERBESTEUER,Liability,Debit,,,,,,,,,,,,,,
4343,Vermögensteuer,VERMÖGENSTEUER,Liability,Debit,,,,,,,,,,,,,,
4344,Lohnsteuer,LOHNSTEUER,Liability,Debit,,,,,,,,,,,,,,
4345,Einkommensteuer,EINKOMMENSTEUER,Liability,Debit,,,,,,,,,,,,,,
4346,Enregistrement,ENREGISTREMENT,Liability,Debit,,,,,,,,,,,,,,
4346-01,Anpass.Verb.Enregist.95-98,ANPASS.VERB.ENREGIST.95-98,Liability,Debit,,,,,,,,,,,,,,
4346-02,Anpass. Mwst. 1999,ANPASS. MWST. 1999,Liability,Debit,,,,,,,,,,,,,,
4346-50,Enregistrement-Zahlungen,ENREGISTREMENT-ZAHLUNGEN,Liability,Credit,,,,,,,,,,,,,,
4347,Sonstige Steuern,SONSTIGE STEUERN,Liability,Debit,,,,,,,,,,,,,,
4351,Umsatzsteuer,UMSATZSTEUER,Liability,,Yes,,T_DUE_ACCT,,,,,,,,,,,
4351-10,Umsatzsteuer 15%,UMSATZSTEUER 15%,Liability,Credit,,,,,,,,,,,,,,
4351-11,Umsatzsteuer 15% (Korrektur),UMSATZSTEUER 15% (KORREKTUR),Liability,Credit,,,,,,,,,,,,,,
4351-20,Umsatzsteuer 12%,UMSATZSTEUER 12%,Liability,Credit,,,,,,,,,,,,,,
4351-30,Umsatzsteuer 6%,UMSATZSTEUER 6%,Liability,Credit,,,,,,,,,,,,,,
4351-40,Umsatzsteuer 3%,UMSATZSTEUER 3%,Liability,Credit,,,,,,,,,,,,,,
4351-50,Einfuhrumsatzsteuer 15% EU,EINFUHRUMSATZSTEUER 15% EU,Liability,Debit,,,,,,,,,,,,,,
4351-60,Einfuhrumsatzsteuer 15% DRITT,EINFUHRUMSATZSTEUER 15% DRITT,Liability,Debit,,,,,,,,,,,,,,
4360,Abziehbare Vorsteuer,ABZIEHBARE VORSTEUER,Liability,Debit,Yes,,T_CREDIT_ACCT,,,,,,,,,,,
4361,Steuerüberzahlungen,TAX TO RECEIVE BASED ON TAX DECLARATION,Liability,Debit,Yes,,T_RECEIVABLES_ACCT,,,,,,,,,,,
4361-10,Vorsteuer-Einkauf 15%,VORSTEUER-EINKAUF 15%,Liability,Debit,,,,,,,,,,,,,,
4361-20,Vorsteuer-Einkauf 12%,VORSTEUER-EINKAUF 12%,Liability,Debit,,,,,,,,,,,,,,
4361-30,Vorsteuer-Einkauf 6%,VORSTEUER-EINKAUF 6%,Liability,Debit,,,,,,,,,,,,,,
4361-40,Vorsteuer-Einkauf 3%,VORSTEUER-EINKAUF 3%,Liability,Debit,,,,,,,,,,,,,,
4361-50,Ausfuhrvorstr-Einkauf 15% EU,AUSFUHRVORSTR-EINKAUF 15% EU,Liability,Debit,,,,,,,,,,,,,,
4361-60,Ausfuhrvorstr-Einkauf 15% DRIT,AUSFUHRVORSTR-EINKAUF 15% DRIT,Liability,Debit,,,,,,,,,,,,,,
4362-10,Vorsteuer-Kosten 15%,VORSTEUER-KOSTEN 15%,Liability,Debit,,,,,,,,,,,,,,
4362-20,Vorsteuer-Kosten 12%,VORSTEUER-KOSTEN 12%,Liability,Debit,,,,,,,,,,,,,,
4362-30,Vorsteuer-Kosten 6%,VORSTEUER-KOSTEN 6%,Liability,Debit,,,,,,,,,,,,,,
4362-40,Vorsteuer-Kosten 3%,VORSTEUER-KOSTEN 3%,Liability,Debit,,,,,,,,,,,,,,
4362-50,Ausfuhrvorsteuer-Kosten 15%,AUSFUHRVORSTEUER-KOSTEN 15%,Liability,Debit,,,,,,,,,,,,,,
4362-60,Vorsteuer-Kost.T.V.15%,VORSTEUER-KOST.T.V.15%,Liability,Debit,,,,,,,,,,,,,,
4362-80,Vorsteuer 16 % - 19 %,VORSTEUER 16 % - 19 %,Liability,Debit,,,,,,,,,,,,,,
4363-10,Vorsteuer-Anlagen 15%,VORSTEUER-ANLAGEN 15%,Liability,Debit,,,,,,,,,,,,,,
4363-20,Vorst-Anlagen 15% ANNEE PRECED,VORST-ANLAGEN 15% ANNEE PRECED,Liability,Debit,,,,,,,,,,,,,,
4363-30,Vorst-Anlagen 12% ANNEE PRECED,VORST-ANLAGEN 12% ANNEE PRECED,Liability,Debit,,,,,,,,,,,,,,
4363-50,Ausfuhrvorsteuer-Anlagen 15%,AUSFUHRVORSTEUER-ANLAGEN 15%,Liability,Debit,,,,,,,,,,,,,,
4371,Mehrwertsteuer-Korrektur 15%,MEHRWERTSTEUER-KORREKTUR 15%,Liability,Debit,,,,,,,,,,,,,,
4372,Mehrwertsteuer-Korrektur 12%,MEHRWERTSTEUER-KORREKTUR 12%,Liability,Debit,,,,,,,,,,,,,,
4373,Mehrwertsteuer-Korrektur 6%,MEHRWERTSTEUER-KORREKTUR 6%,Liability,Debit,,,,,,,,,,,,,,
4374,Mehrwertsteuer-Korrektur 3%,MEHRWERTSTEUER-KORREKTUR 3%,Liability,Debit,,,,,,,,,,,,,,
4451,Darlehen Auler,DARLEHEN AULER,Liability,Debit,,,,,,,,,,,,,,
4452,Darlehen BGL 30-061502-43-1,DARLEHEN BGL 30-061502-43-1,Liability,Debit,,,,,,,,,,,,,,
4453,Darlehen Teilhaber,DARLEHEN TEILHABER,Liability,Debit,,,,,,,,,,,,,,
4454,COMPTE EPARGNE  BCEE,COMPTE EPARGNE  BCEE,Liability,Debit,,,,,,,,,,,,,,
4455,Kurzfrist. Darlehen Auler(90T),KURZFRIST. DARLEHEN AULER(90T),Liability,Debit,,,,,,,,,,,,,,
4456,Darlehen Auler Long Terme,DARLEHEN AULER LONG TERME,Liability,Debit,,,,,,,,,,,,,,
4457,Darlehen Auler Court Terme,DARLEHEN AULER COURT TERME,Liability,Debit,,,,,,,,,,,,,,
4471,Konto-Korrent Teilhaber,KONTO-KORRENT TEILHABER,Liability,Debit,,,,,,,,,,,,,,
4511,Contrib.Ecotrel Lampes,CONTRIB.ECOTREL LAMPES,Liability,Debit,,,,,,,,,,,,,,
4512,Contrib.Ecotrel Luminaires,CONTRIB.ECOTREL LUMINAIRES,Liability,Debit,,,,,,,,,,,,,,
4513,Contrib.Ecotrel Four. et payée,CONTRIB.ECOTREL FOUR. ET PAYÉE,Liability,Debit,,,,,,,,,,,,,,
4514,Ecotrel/Ecobatt Bestand,ECOTREL/ECOBATT BESTAND,Liability,Debit,,,,,,,,,,,,,,
4514-10,Ecotrel/Ecobatt Best.veränd.,ECOTREL/ECOBATT BEST.VERÄND.,Liability,Debit,,,,,,,,,,,,,,
4520,Contrib.Ecobatterien,CONTRIB.ECOBATTERIEN,Liability,Debit,,,,,,,,,,,,,,
4641,Sozial-Versicherung,SOZIAL-VERSICHERUNG,Liability,Debit,,,,,,,,,,,,,,
4711,Zu zahlende Kosten,ZU ZAHLENDE KOSTEN,Liability,Debit,,,,,,,,,,,,,,
4712,Unkosten-Vorauszahlung,UNKOSTEN-VORAUSZAHLUNG,Liability,Debit,,,,,,,,,,,,,,
4712-01,Zu zahl.Aufw.-Prov.Wagner,ZU ZAHL.AUFW.-PROV.WAGNER,Liability,Debit,,,,,,,,,,,,,,
4712-02,Zu zahl.Aufw.-Prov.Manelli,ZU ZAHL.AUFW.-PROV.MANELLI,Liability,Debit,,,,,,,,,,,,,,
4712-03,Rückst.Austeh.Garantieleist.,RÜCKST.AUSTEH.GARANTIELEIST.,Liability,Debit,,,,,,,,,,,,,,
4713,Vorauszahlung-Versicherungen,VORAUSZAHLUNG-VERSICHERUNGEN,Liability,Debit,,,,,,,,,,,,,,
4911,Warte-Konto LU,WARTE-KONTO LU,Liability,Debit,,,,,,,,,,,,,,
4911-10,Warte auf Ausgleichdok. EU,WARTE AUF AUSGLEICHDOK. EU,Liability,Debit,,,,,,,,,,,,,,
4911-20,Warte auf Ausgleichdok. LU,WARTE AUF AUSGLEICHDOK. LU,Liability,Debit,,,,,,,,,,,,,,
4911-30,Warte auf Ausgleichdok. DR,WARTE AUF AUSGLEICHDOK. DR,Liability,Debit,,,,,,,,,,,,,,
4912,Scheck-Eingang,SCHECK-EINGANG,Liability,Debit,,,,,,,,,,,,,,
4913,Scheck-Ausgang,SCHECK-AUSGANG,Liability,Debit,,,,,,,,,,,,,,
51110-99,PRODUKTIONSKOSTEN,PRODUKTIONSKOSTEN,Expense,Debit,Yes,,,,,,,,,,,,,
51120-99,ABFALL,ABFALL,Expense,Debit,Yes,,,,,,,,,,,,,
51130-99,EXTERN PRODUZIERT,EXTERN PRODUZIERT,Expense,Debit,Yes,,,,,,,,,,,,,
5600,Bank,BANK CASH ACCOUNT,Owner's Equity,,Yes,,B_ASSET_ACCT,,,,,,,,,,,
5600-1,Transferkonto Banken,BANK,Owner's Equity,,Yes,,,,,,,,,,,,,
5600-2,Zwischenkonto swift,BANK,Owner's Equity,,Yes,,B_UNIDENTIFIED_ACCT,,,,,,,,,,,
5600-3,* Bank nicht zugeordnete Zahlungen,RECEIVED UNALLOCATED PAYMENTS,Owner's Equity,,Yes,,B_UNALLOCATEDCASH_ACCT,,,,,,,,,,,
5600-4,* Bezahlung selektiert,SELECTED INVOICES FOR PAYMENT ,Liability,,Yes,,B_PAYMENTSELECT_ACCT,,,,,,,,,,,
5610,BCEE-1100/6663-5,BCEE-1100/6663-5,Owner's Equity,,,,,,,,,,,,,,,
5610-01,BCEE LU79 0019 1955 8476 BAT,BCEE LU79 0019 1955 8476 BAT,Owner's Equity,,,,,,,,,,,,,,,
5610-02,BCEE LU89 0011 1064 1024 7830,BCEE LU89 0011 1064 1024 7830,Owner's Equity,,,,,,,,,,,,,,,
5620,BILL-1-100/5965,BILL-1-100/5965,Owner's Equity,,,,,,,,,,,,,,,
5630,BGL-BNP PARISBAS-30-061502-38,BGL-BNP PARISBAS-30-061502-38,Owner's Equity,,,,,,,,,,,,,,,
5630-01,BGLL-FORTIS COMPTE 48H,BGLL-FORTIS COMPTE 48H,Owner's Equity,,,,,,,,,,,,,,,
5630-02,BGL EPARGNE,BGL EPARGNE,Owner's Equity,,,,,,,,,,,,,,,
5640,CCPL31828-12,CCPL31828-12,Owner's Equity,,,,,,,,,,,,,,,
5650,Kasse,KASSE,Asset,,,,,,,,,,,,,,,
5650-1,Nebenkasse 1,NEBENKASSE 1,Owner's Equity,,Yes,,CB_RECEIPT_ACCT,,,,,,,,,,,
5650-10,Kasse Mondorf,KASSE MONDORF,Asset,,,,,,,,,,,,,,,
5650-2,Nebenkasse 2,NEBENKASSE 2,Owner's Equity,,Yes,,CB_EXPENSE_ACCT,,,,,,,,,,,
5660,Diverse Buchungen,DIVERSE BUCHUNGEN,Owner's Equity,,,,,,,,,,,,,,,
5800,Transfert,TRANSFERT,Owner's Equity,,,,,,,,,,,,,,,
5805,Transfer Muster Eigenleistung,TRANSFER MUSTER EIGENLEISTUNG,Asset,Debit,,,,,,,,,,,,,,
58400-99,FÜR PROKUKTION GENUTZT,FÜR PROKUKTION GENUTZT,Expense,Debit,Yes,,,,,,,,,,,,,
58500-99,METHOD CHANGE VARIANCE,METHOD CHANGE VARIANCE,Expense,Debit,Yes,,,,,,,,,,,,,
58600-99,PRODUKTION KURSABWEICHUNG,PRODUKTION KURSABWEICHUNG,Expense,Debit,Yes,,,,,,,,,,,,,
58700-99,ABWEICHUNGEN GEMISCHT,ABWEICHUNGEN GEMISCHT,Expense,Debit,Yes,,,,,,,,,,,,,
6011,Wareneingang,RECEIVED PRODUCTS/SERVICES FROM VENDORS,Expense,Debit,Yes,,NOTINVOICEDRECEIPTS_ACCT,,,,,,,,,,,
6011-1,Wareneingang 19 % Vorsteuer,WARENEINGANG 16% VORSTEUER,Expense,Debit,Yes,,P_EXPENSE_ACCT,,,,,,,,,,,
6012,Einkauf-Kabel / Standard,EINKAUF-KABEL / STANDARD,Expense,Debit,,,,,,,,,,,,,,
6012-10,Einkauf-Kabel / Informatik,EINKAUF-KABEL / INFORMATIK,Expense,Debit,,,,,,,,,,,,,,
6012-20,Einkauf Kabel / Spezial,EINKAUF KABEL / SPEZIAL,Expense,Debit,,,,,,,,,,,,,,
6012-30,Einkauf-Kabel / Standard (EU),EINKAUF-KABEL / STANDARD (EU),Expense,Debit,,,,,,,,,,,,,,
6012-31,Eink.Kabel EU Rg zu erhalten,EINK.KABEL EU RG ZU ERHALTEN,Expense,Debit,,,,,,,,,,,,,,
6012-40,Einkauf-Kabel/Informatik (EU),EINKAUF-KABEL/INFORMATIK (EU),Expense,Debit,,,,,,,,,,,,,,
6012-50,Einkauf Kabel / Spezial (EU),EINKAUF KABEL / SPEZIAL (EU),Expense,Debit,,,,,,,,,,,,,,
6012-60,Einkauf-Kabel / Standard (DR),EINKAUF-KABEL / STANDARD (DR),Expense,Debit,,,,,,,,,,,,,,
6012-70,Einkauf-Kabel/Informatik (DR),EINKAUF-KABEL/INFORMATIK (DR),Expense,Debit,,,,,,,,,,,,,,
6012-80,Einkauf Kabel / Spezial (DR),EINKAUF KABEL / SPEZIAL (DR),Expense,Debit,,,,,,,,,,,,,,
6013,Kabeltrommeln EU,KABELTROMMELN EU,Expense,Debit,,,,,,,,,,,,,,
6013-01,Kabeltrommeln Mietrg (EU),KABELTROMMELN MIETRG (EU),Expense,Debit,,,,,,,,,,,,,,
6013-02,Kabeltrommeln Mietrg (LU),KABELTROMMELN MIETRG (LU),Expense,Debit,,,,,,,,,,,,,,
6014,Einkauf-Lampen Inland,EINKAUF-LAMPEN INLAND,Expense,Debit,,,,,,,,,,,,,,
6014-10,Einkauf-Lampen (EU),EINKAUF-LAMPEN (EU),Expense,Debit,,,,,,,,,,,,,,
6014-20,Einkauf Lampen (DR),EINKAUF LAMPEN (DR),Expense,Debit,,,,,,,,,,,,,,
6015,Einkauf-Leuchten Inland,EINKAUF-LEUCHTEN INLAND,Expense,Debit,,,,,,,,,,,,,,
6015-10,Einkauf-Leuchten (EU),EINKAUF-LEUCHTEN (EU),Expense,Debit,,,,,,,,,,,,,,
6015-11,Eink.Leucht.Eu Rg zu erhalten,EINK.LEUCHT.EU RG ZU ERHALTEN,Expense,Debit,,,,,,,,,,,,,,
6015-20,Einkauf-Leuchten (DR),EINKAUF-LEUCHTEN (DR),Expense,Debit,,,,,,,,,,,,,,
6016,Einkauf-Hospitaltechnik (EU),EINKAUF-HOSPITALTECHNIK (EU),Expense,Debit,,,,,,,,,,,,,,
6017-10,Einkauf Inst.Mat. Inland,EINKAUF INST.MAT. INLAND,Expense,Debit,,,,,,,,,,,,,,
6017-20,Einkauf Inst.Mat. (EU),EINKAUF INST.MAT. (EU),Expense,Debit,,,,,,,,,,,,,,
6018,WE - Unterkto.  (Inland),WARENEINGANG,Expense,Debit,Yes,,P_COGS_ACCT,,,,,,,,,,,
6018-1,* Produkt Ausgaben,* PRODUKT AUSGABEN,Expense,Debit,Yes,,DEFAULT_ACCT,,,,,,,,,,,
6019,VK-Kommission VK-Boni,VK-KOMMISSION VK-BONI,Expense,Debit,,,,,,,,,,,,,,
6019-01,EK-Kommission EK-Boni EU,EK-KOMMISSION EK-BONI EU,Expense,Debit,,,,,,,,,,,,,,
6019-09,Diverse zu verrech Kosten DR,DIVERSE ZU VERRECH KOSTEN DR,Expense,Debit,,,,,,,,,,,,,,
6019-10,Diverse zu verrech Kosten 15%,DIVERSE ZU VERRECH KOSTEN 15%,Expense,Debit,,,,,,,,,,,,,,
6019-11,Diverse zu verr.Kosten (EU),DIVERSE ZU VERR.KOSTEN (EU),Expense,Debit,,,,,,,,,,,,,,
6019-12,Zu verrech.Kost. Aff.Carandini,ZU VERRECH.KOST. AFF.CARANDINI,Expense,Debit,,,,,,,,,,,,,,
6019-13,Diverse Kosten /Arbeiten EU,DIVERSE KOSTEN /ARBEITEN EU,Expense,Debit,,,,,,,,,,,,,,
6019-14,Diverse zu verrech. Kosten 3%,DIVERSE ZU VERRECH. KOSTEN 3%,Expense,Debit,,,,,,,,,,,,,,
6019-15,ver. Kost. Nouv.Luxel./Trilux,VER. KOST. NOUV.LUXEL./TRILUX,Expense,Debit,,,,,,,,,,,,,,
6019-16,verr.Kosten Nouv.Luxel./Wila,VERR.KOSTEN NOUV.LUXEL./WILA,Expense,Debit,,,,,,,,,,,,,,
6019-17,Zu verr.Kosten 12%,ZU VERR.KOSTEN 12%,Expense,Debit,,,,,,,,,,,,,,
6019-18,Zu verr.Kosten Auler,ZU VERR.KOSTEN AULER,Expense,Debit,,,,,,,,,,,,,,
6019-19,Diverse Kosten /Arbeiten 15%,DIVERSE KOSTEN /ARBEITEN 15%,Expense,Debit,,,,,,,,,,,,,,
6019-2,Bezugsnebenkosten,BEZUGSNEBENKOSTEN,Expense,Debit,Yes,,P_COSTADJUSTMENT_ACCT,,,,,,,,,,,
6019-20,Verpackungen,VERPACKUNGEN,Expense,Debit,,,,,,,,,,,,,,
6019-21,Verpackungen EU,VERPACKUNGEN EU,Expense,Debit,,,,,,,,,,,,,,
6019-22,Verpackungen 15 %,VERPACKUNGEN 15 %,Expense,Debit,,,,,,,,,,,,,,
6019-29,Bestandsveränderungen Roh-- Hilfs- und Betriebsstoffe/Waren,BESTANDSVERÄNDERUNGEN ROH-- HILFS- UND BETRIEBSSTOFFE/WAREN,Expense,Debit,Yes,,,,,,,,,,,,,
6019-30,Beständsver.Kabel Std/Spez,BESTÄNDSVER.KABEL STD/SPEZ,Expense,Debit,,,,,,,,,,,,,,
6019-31,Bestandsver.Korrekturen,BESTANDSVER.KORREKTUREN,Expense,Debit,,,,,,,,,,,,,,
6019-35,Bestandsveränderung Metalle,BESTANDSVERÄNDERUNG METALLE,Expense,Debit,,,,,,,,,,,,,,
6019-36,Bestandsveränderung Inst.Mat,BESTANDSVERÄNDERUNG INST.MAT,Expense,Debit,,,,,,,,,,,,,,
6019-37,Bestandsver.Kab/Sys Info,BESTANDSVER.KAB/SYS INFO,Expense,Debit,,,,,,,,,,,,,,
6019-38,Bestandsveränderung Lampen,BESTANDSVERÄNDERUNG LAMPEN,Expense,Debit,,,,,,,,,,,,,,
6019-39,Bestandsveränderung LEUCHTEN,BESTANDSVERÄNDERUNG LEUCHTEN,Expense,Debit,,,,,,,,,,,,,,
6019-40,Schnittkosten Eingang (EU),SCHNITTKOSTEN EINGANG (EU),Expense,Debit,,,,,,,,,,,,,,
6019-41,Schnittkosten Eingang,SCHNITTKOSTEN EINGANG,Expense,Debit,,,,,,,,,,,,,,
6019-42,Preisdifferenz EU,PREISDIFFERENZ EU,Expense,Debit,,,,,,,,,,,,,,
6019-43,Preisdifferenz,PREISDIFFERENZ,Expense,Debit,,,,,,,,,,,,,,
6019-44,Muster EU,MUSTER EU,Expense,Debit,,,,,,,,,,,,,,
6019-45,Muster Inland,MUSTER INLAND,Expense,Debit,,,,,,,,,,,,,,
6019-46,Muster Drittland,MUSTER DRITTLAND,Expense,Debit,,,,,,,,,,,,,,
6019-47,Preisdifferenz DR,PREISDIFFERENZ DR,Expense,Debit,,,,,,,,,,,,,,
6019-50,Defekte/Reklamationen,DEFEKTE/REKLAMATIONEN,Expense,Debit,,,,,,,,,,,,,,
6019-51,Defekte/Reklamationen EU,DEFEKTE/REKLAMATIONEN EU,Expense,Debit,,,,,,,,,,,,,,
6019-60,Rückgabekosten/Fr. de retour,RÜCKGABEKOSTEN/FR. DE RETOUR,Expense,Debit,,,,,,,,,,,,,,
6019-65,Rüchnahmekosten/Reprise EU,RÜCHNAHMEKOSTEN/REPRISE EU,Expense,Debit,,,,,,,,,,,,,,
6019-66,Rüchnahmekosten/Reprise DR,RÜCHNAHMEKOSTEN/REPRISE DR,Expense,Debit,,,,,,,,,,,,,,
6019-70,trans.couvercle ver.sablé,TRANS.COUVERCLE VER.SABLÉ,Expense,Debit,,,,,,,,,,,,,,
6019-71,Glas für Halogen Kugel,GLAS FÜR HALOGEN KUGEL,Expense,Debit,,,,,,,,,,,,,,
6019-80,Pulverbechichtung Trilux,PULVERBECHICHTUNG TRILUX,Expense,Debit,,,,,,,,,,,,,,
6049-20,Mehrk.verrechnet Verkaufsrech.,MEHRK.VERRECHNET VERKAUFSRECH.,Expense,Debit,,,,,,,,,,,,,,
6111-10,Miete,MIETE,Expense,Debit,,,,,,,,,,,,,,
6111-11,Sonstige Miete,SONSTIGE MIETE,Expense,Debit,,,,,,,,,,,,,,
6121-10,Unterhalt u. Rep. Gebäude,UNTERHALT U. REP. GEBÄUDE,Expense,Debit,,,,,,,,,,,,,,
6121-11,Unterhalt u. Rep. Gebäude 6%,UNTERHALT U. REP. GEBÄUDE 6%,Expense,Debit,,,,,,,,,,,,,,
6121-15,Unterhalt u. Rep. Gebäude EU,UNTERHALT U. REP. GEBÄUDE EU,Expense,Debit,,,,,,,,,,,,,,
6121-20,Unterhalt u. Rep. Büro,UNTERHALT U. REP. BÜRO,Expense,Debit,,,,,,,,,,,,,,
6121-21,Unterhalt u. Rep. Büro EU,UNTERHALT U. REP. BÜRO EU,Expense,Debit,,,,,,,,,,,,,,
6121-30,Unterhalt u. Rep. Möbel,UNTERHALT U. REP. MÖBEL,Expense,Debit,,,,,,,,,,,,,,
6121-40,Unterhalt u. Reparatur Drucker,UNTERHALT U. REPARATUR DRUCKER,Expense,Debit,,,,,,,,,,,,,,
6121-45,Unterhalt u. Reparatur Druc.EU,UNTERHALT U. REPARATUR DRUC.EU,Expense,Debit,,,,,,,,,,,,,,
6121-50,Unterhalt u. Rep.Kopiergerät,UNTERHALT U. REP.KOPIERGERÄT,Expense,Debit,,,,,,,,,,,,,,
6121-60,Unterhalt/Rep. GSM,UNTERHALT/REP. GSM,Expense,Debit,,,,,,,,,,,,,,
6121-70,Unterhalt u. Rep Telefonanlage,UNTERHALT U. REP TELEFONANLAGE,Expense,Debit,,,,,,,,,,,,,,
6121-80,Unterh.und Rep. Comp.EU,UNTERH.UND REP. COMP.EU,Expense,Debit,,,,,,,,,,,,,,
6131-10,Austattungskosten,AUSTATTUNGSKOSTEN,Expense,Debit,,,,,,,,,,,,,,
6131-20,Meßinstrumente (EU),MESSINSTRUMENTE (EU),Expense,Debit,,,,,,,,,,,,,,
6141-10,Messe und Ausstellungen,MESSE UND AUSSTELLUNGEN,Expense,Debit,,,,,,,,,,,,,,
6141-20,Ausstellung u. Vorführung,AUSSTELLUNG U. VORFÜHRUNG,Expense,Debit,,,,,,,,,,,,,,
6151-10,Kleinanschaffungen,KLEINANSCHAFFUNGEN,Expense,Debit,,,,,,,,,,,,,,
6151-11,Kleinanschaffungen (EU),KLEINANSCHAFFUNGEN (EU),Expense,Debit,,,,,,,,,,,,,,
6151-12,Kleinanschaffungen 3%,KLEINANSCHAFFUNGEN 3%,Expense,Debit,,,,,,,,,,,,,,
6161-09,Büromaterial EXO,BÜROMATERIAL EXO,Expense,Debit,,,,,,,,,,,,,,
6161-10,Büromaterial,BÜROMATERIAL,Expense,Debit,,,,,,,,,,,,,,
6161-11,Büromaterial (EU),BÜROMATERIAL (EU),Expense,Debit,,,,,,,,,,,,,,
6161-12,Büromöbel,BÜROMÖBEL,Expense,Debit,,,,,,,,,,,,,,
6161-13,Büromöbel EU,BÜROMÖBEL EU,Expense,Debit,,,,,,,,,,,,,,
6171-10,Büromaschinen,BÜROMASCHINEN,Expense,Debit,,,,,,,,,,,,,,
6181-10,Elektrizität 6%,ELEKTRIZITÄT 6%,Expense,Debit,,,,,,,,,,,,,,
6181-11,Wasser,WASSER,Expense,Debit,,,,,,,,,,,,,,
6181-12,Heizung (Gasverbrauch),HEIZUNG (GASVERBRAUCH),Expense,Debit,,,,,,,,,,,,,,
6182,Rückstellg Strom/Heiz/Wasser,RÜCKSTELLG STROM/HEIZ/WASSER,Expense,Debit,,,,,,,,,,,,,,
6191-10,Mietnebenkosten mtl.Vorauszahl,MIETNEBENKOSTEN MTL.VORAUSZAHL,Expense,Debit,,,,,,,,,,,,,,
6191-13,Gebäudeüberwachung,GEBÄUDEÜBERWACHUNG,Expense,Debit,,,,,,,,,,,,,,
6191-14,Sonst Gebühren Strom/Heiz/Wass,SONST GEBÜHREN STROM/HEIZ/WASS,Expense,Debit,,,,,,,,,,,,,,
6211-10,Repräsentationskosten 3%,REPRÄSENTATIONSKOSTEN 3%,Expense,Debit,,,,,,,,,,,,,,
6211-11,Repräsentationskosten 6%,REPRÄSENTATIONSKOSTEN 6%,Expense,Debit,,,,,,,,,,,,,,
6211-12,Repräsentationskosten 15%,REPRÄSENTATIONSKOSTEN 15%,Expense,Debit,,,,,,,,,,,,,,
6211-13,Repräsentationskosten 0%,REPRÄSENTATIONSKOSTEN 0%,Expense,Debit,,,,,,,,,,,,,,
6211-14,Repräsentationskosten 12%,REPRÄSENTATIONSKOSTEN 12%,Expense,Debit,,,,,,,,,,,,,,
6212-10,Reisekosten (Geschäftsführ.)15,REISEKOSTEN (GESCHÄFTSFÜHR.)15,Expense,Debit,,,,,,,,,,,,,,
6212-11,Reisekosten (Geschäftsführ.)EU,REISEKOSTEN (GESCHÄFTSFÜHR.)EU,Expense,Debit,,,,,,,,,,,,,,
6212-12,Fahrtkosten (Geschäftsführ.)0%,FAHRTKOSTEN (GESCHÄFTSFÜHR.)0%,Expense,Debit,,,,,,,,,,,,,,
6212-13,Fahrtosten ADM,FAHRTOSTEN ADM,Expense,Debit,,,,,,,,,,,,,,
6212-14,Reisekosten ADM,REISEKOSTEN ADM,Expense,Debit,,,,,,,,,,,,,,
6212-15,Repräsent.Kosten ADM 3%,REPRÄSENT.KOSTEN ADM 3%,Expense,Debit,,,,,,,,,,,,,,
6212-16,Forfait ADM 0%,FORFAIT ADM 0%,Expense,Debit,,,,,,,,,,,,,,
6213-11,Reisekosten (Personal),REISEKOSTEN (PERSONAL),Expense,Debit,,,,,,,,,,,,,,
6213-12,Fahrtkosten (Personal)0%,FAHRTKOSTEN (PERSONAL)0%,Expense,Debit,,,,,,,,,,,,,,
6213-13,Reisekosten /Außenstehend EU,REISEKOSTEN /AUSSENSTEHEND EU,Expense,Debit,,,,,,,,,,,,,,
6213-14,Fahrtkosten (Personal) 15%,FAHRTKOSTEN (PERSONAL) 15%,Expense,Debit,,,,,,,,,,,,,,
6214-10,Werbung (printmedien) 0%,WERBUNG (PRINTMEDIEN) 0%,Expense,Debit,,,,,,,,,,,,,,
6214-11,Werbung (printmedien) 12%,WERBUNG (PRINTMEDIEN) 12%,Expense,Debit,,,,,,,,,,,,,,
6214-12,Werbung (printmedien) (EU),WERBUNG (PRINTMEDIEN) (EU),Expense,Debit,,,,,,,,,,,,,,
6214-13,Werbung (printmedien) 15%,WERBUNG (PRINTMEDIEN) 15%,Expense,Debit,,,,,,,,,,,,,,
621414,HTML-Webseite,HTML-WEBSEITE,Expense,Debit,,,,,,,,,,,,,,
621415,Firmenlogo,FIRMENLOGO,Expense,Debit,,,,,,,,,,,,,,
621416,Firmenlogo EU,FIRMENLOGO EU,Expense,Debit,,,,,,,,,,,,,,
621511,Empfangskosten,EMPFANGSKOSTEN,Expense,Debit,,,,,,,,,,,,,,
621609,Werbegeschenke 3%,WERBEGESCHENKE 3%,Expense,Debit,,,,,,,,,,,,,,
621610,Werbegeschenke EU,WERBEGESCHENKE EU,Expense,Debit,,,,,,,,,,,,,,
621611,Werbegeschenke 15%,WERBEGESCHENKE 15%,Expense,Debit,,,,,,,,,,,,,,
621612,Werbegeschenke 12 %,WERBEGESCHENKE 12 %,Expense,Debit,,,,,,,,,,,,,,
621613,Trinkgelder 0%,TRINKGELDER 0%,Expense,Debit,,,,,,,,,,,,,,
6301-7,Sonstige Steuern ,SONSTIGE STEUERN ,Expense,Debit,Yes,,T_EXPENSE_ACCT,,,,,,,,,,,
630110,Gewerbesteuer ICC,GEWERBESTEUER ICC,Expense,Debit,,,,,,,,,,,,,,
630115,Gewerbesteuer Rückst. ICC,GEWERBESTEUER RÜCKST. ICC,Expense,Debit,,,,,,,,,,,,,,
630116,Anpass.Rückst.ICC,ANPASS.RÜCKST.ICC,Expense,Debit,,,,,,,,,,,,,,
630117,Rückerst.Verzugszinsen ICC,RÜCKERST.VERZUGSZINSEN ICC,Expense,Debit,,,,,,,,,,,,,,
630119,Rückst. Vermögensst. art 8,RÜCKST. VERMÖGENSST. ART 8,Expense,Debit,,,,,,,,,,,,,,
630120,Vermögensteuer-Vorauszahlung,VERMÖGENSTEUER-VORAUSZAHLUNG,Expense,Debit,,,,,,,,,,,,,,
630125,Vermögenst.vorher. Jahre,VERMÖGENST.VORHER. JAHRE,Expense,Debit,,,,,,,,,,,,,,
630126,Rück. I.F. 2006,RÜCK. I.F. 2006,Expense,Debit,,,,,,,,,,,,,,
630127,Vezugszinsen I.F.,VEZUGSZINSEN I.F.,Expense,Debit,,,,,,,,,,,,,,
630128,Lohnsteuer voherg.Jahre,LOHNSTEUER VOHERG.JAHRE,Expense,Debit,,,,,,,,,,,,,,
630129,Verzugszinsen Lohnssteuer,VERZUGSZINSEN LOHNSSTEUER,Expense,Debit,,,,,,,,,,,,,,
630130,Körperschaftsteuer IRC,KÖRPERSCHAFTSTEUER IRC,Expense,Debit,,,,,,,,,,,,,,
630135,Körperschaftsst- Rückstell.IRC,KÖRPERSCHAFTSST- RÜCKSTELL.IRC,Expense,Debit,,,,,,,,,,,,,,
630136,Anpass. Rückst. IRC,ANPASS. RÜCKST. IRC,Expense,Debit,,,,,,,,,,,,,,
630140,Kapitalsteuer,KAPITALSTEUER,Expense,Debit,,,,,,,,,,,,,,
630145,Lohnsteuer,LOHNSTEUER,Expense,Debit,,,,,,,,,,,,,,
630150,Anpass.ICC vorherige Jahre,ANPASS.ICC VORHERIGE JAHRE,Expense,Debit,,,,,,,,,,,,,,
630160,Nicht absetzbare Vorsteuer,NICHT ABSETZBARE VORSTEUER,Expense,Debit,,,,,,,,,,,,,,
630170,Diverse Steuern und Taxen,DIVERSE STEUERN UND TAXEN,Expense,Debit,,,,,,,,,,,,,,
630180,Gemeindeabgaben 0%,GEMEINDEABGABEN 0%,Expense,Debit,,,,,,,,,,,,,,
630181,Gemeindeabgaben 3%,GEMEINDEABGABEN 3%,Expense,Debit,,,,,,,,,,,,,,
631110,Diebstahlversicherung,DIEBSTAHLVERSICHERUNG,Expense,Debit,,,,,,,,,,,,,,
631120,Feuer-Glasbruchversicherung,FEUER-GLASBRUCHVERSICHERUNG,Expense,Debit,,,,,,,,,,,,,,
631130,Haftpflichtversicherung,HAFTPFLICHTVERSICHERUNG,Expense,Debit,,,,,,,,,,,,,,
631140,Sonstige Versicherungen,SONSTIGE VERSICHERUNGEN,Expense,Debit,,,,,,,,,,,,,,
631141,Sonstige Versicherungen EU,SONSTIGE VERSICHERUNGEN EU,Expense,Debit,,,,,,,,,,,,,,
631142,Gebäudeversicherung P.P./expl.,GEBÄUDEVERSICHERUNG P.P./EXPL.,Expense,Debit,,,,,,,,,,,,,,
6400,Löhne und Gehälter,DEFAULT EMPLOYEE EXPEMSES,Expense,Debit,Yes,,E_EXPENSE_ACCT,,,,,,,,,,,
641110,Gehälter Brutto,GEHÄLTER BRUTTO,Expense,Debit,,,,,,,,,,,,,,
641120,Löhne Brutto,LÖHNE BRUTTO,Expense,Debit,,,,,,,,,,,,,,
641130,Gehälter Teilhaber,GEHÄLTER TEILHABER,Expense,Debit,,,,,,,,,,,,,,
641140,Nicht erstattete Krankengelder,NICHT ERSTATTETE KRANKENGELDER,Expense,Debit,,,,,,,,,,,,,,
641150,Aufwand Vertretung Frau Sousa,AUFWAND VERTRETUNG FRAU SOUSA,Expense,Debit,,,,,,,,,,,,,,
642110,Sec. Soc. Employ pp,SEC. SOC. EMPLOY PP,Expense,Debit,,,,,,,,,,,,,,
642120,Sec. Soc. Ouvrier pp,SEC. SOC. OUVRIER PP,Expense,Debit,,,,,,,,,,,,,,
642130,Unfallversicherungsbeitrag,UNFALLVERSICHERUNGSBEITRAG,Expense,Debit,,,,,,,,,,,,,,
642140,Versicherungsbeiträge Teilhab.,VERSICHERUNGSBEITRÄGE TEILHAB.,Expense,Debit,,,,,,,,,,,,,,
643110,Bestandsveränd. Urlaubsansp.,BESTANDSVERÄND. URLAUBSANSP.,Expense,Debit,,,,,,,,,,,,,,
644110,Schulung (Computerkurse),SCHULUNG (COMPUTERKURSE),Expense,Debit,,,,,,,,,,,,,,
644120,Schulung (Berufliche),SCHULUNG (BERUFLICHE),Expense,Debit,,,,,,,,,,,,,,
644200,Arbeitskleidung,ARBEITSKLEIDUNG,Expense,Debit,,,,,,,,,,,,,,
644201,Arbeitskleidung EU,ARBEITSKLEIDUNG EU,Expense,Debit,,,,,,,,,,,,,,
644300,Zusammenkünfte / Feiern EU,ZUSAMMENKÜNFTE / FEIERN EU,Expense,Debit,,,,,,,,,,,,,,
644301,Zusammenkünfte / Feiern 3%,ZUSAMMENKÜNFTE / FEIERN 3%,Expense,Debit,,,,,,,,,,,,,,
644302,Seminare,SEMINARE,Expense,Debit,,,,,,,,,,,,,,
644310,Privatanteil Fuhrpark,PRIVATANTEIL FUHRPARK,Expense,Debit,,,,,,,,,,,,,,
644311,Rückerst. Löhne Gehälter,RÜCKERST. LÖHNE GEHÄLTER,Expense,Debit,,,,,,,,,,,,,,
644399,Rückst. Artikel 46/8,RÜCKST. ARTIKEL 46/8,Expense,Debit,,,,,,,,,,,,,,
650110,Unterhalt u. Rep. - Lager,UNTERHALT U. REP. - LAGER,Expense,Debit,,,,,,,,,,,,,,
650115,Unterhalt u. Rep. - Lager EU,UNTERHALT U. REP. - LAGER EU,Expense,Debit,,,,,,,,,,,,,,
650120,Sicherheitsabnahme Luxcontrol,SICHERHEITSABNAHME LUXCONTROL,Expense,Debit,,,,,,,,,,,,,,
650210,Arbeiten Dritter,ARBEITEN DRITTER,Expense,Debit,,,,,,,,,,,,,,
650310,Kleine Anschaffungen,KLEINE ANSCHAFFUNGEN,Expense,Debit,,,,,,,,,,,,,,
650311,Werkzeuge,WERKZEUGE,Expense,Debit,,,,,,,,,,,,,,
650312,Kleine Anschaffungen EU,KLEINE ANSCHAFFUNGEN EU,Expense,Debit,,,,,,,,,,,,,,
650410,Abfallentsorgung 3%,ABFALLENTSORGUNG 3%,Expense,Debit,,,,,,,,,,,,,,
650411,Abfallentsorgung 0%,ABFALLENTSORGUNG 0%,Expense,Debit,,,,,,,,,,,,,,
650412,Abfallentsorgung 15%,ABFALLENTSORGUNG 15%,Expense,Debit,,,,,,,,,,,,,,
650413,Abfallents.Lampen 15%,ABFALLENTS.LAMPEN 15%,Expense,Debit,,,,,,,,,,,,,,
650510,Unterhalt Gabelstapler,UNTERHALT GABELSTAPLER,Expense,Debit,,,,,,,,,,,,,,
650511,Gemietete Masch. und Werkzeuge,GEMIETETE MASCH. UND WERKZEUGE,Expense,Debit,,,,,,,,,,,,,,
651110,Kleinanschaffungen,KLEINANSCHAFFUNGEN,Expense,Debit,,,,,,,,,,,,,,
651111,Kleinanschaffungen (EU),KLEINANSCHAFFUNGEN (EU),Expense,Debit,,,,,,,,,,,,,,
651210,Software,SOFTWARE,Expense,Debit,,,,,,,,,,,,,,
651211,Software EU,SOFTWARE EU,Expense,Debit,,,,,,,,,,,,,,
651212,Hardware (EU),HARDWARE (EU),Expense,Debit,,,,,,,,,,,,,,
651219,Computer-Material EU,COMPUTER-MATERIAL EU,Expense,Debit,,,,,,,,,,,,,,
651220,Computer-Material 15%,COMPUTER-MATERIAL 15%,Expense,Debit,,,,,,,,,,,,,,
651221,Computer-Installationen,COMPUTER-INSTALLATIONEN,Expense,Debit,,,,,,,,,,,,,,
651222,Computer-Installationen (EU),COMPUTER-INSTALLATIONEN (EU),Expense,Debit,,,,,,,,,,,,,,
651310,Computer Miete,COMPUTER MIETE,Expense,Debit,,,,,,,,,,,,,,
651320,Wartung/Reparatur Computer,WARTUNG/REPARATUR COMPUTER,Expense,Debit,,,,,,,,,,,,,,
651321,Wartung/Reparatur Computer EU,WARTUNG/REPARATUR COMPUTER EU,Expense,Debit,,,,,,,,,,,,,,
651420,Wartung/Reparatur Büromasch.,WARTUNG/REPARATUR BÜROMASCH.,Expense,Debit,,,,,,,,,,,,,,
651421,Wartung/Reparatur Büromasch.EU,WARTUNG/REPARATUR BÜROMASCH.EU,Expense,Debit,,,,,,,,,,,,,,
660109,Transportkosten DR (Lieferan.),TRANSPORTKOSTEN DR (LIEFERAN.),Expense,Debit,,,,,,,,,,,,,,
660110,Transportkosten (Lieferanten),TRANSPORTKOSTEN (LIEFERANTEN),Expense,Debit,,,,,,,,,,,,,,
660111,Transportkosten (EU)(Liefera.),TRANSPORTKOSTEN (EU)(LIEFERA.),Expense,Debit,,,,,,,,,,,,,,
660112,Versandkosten u. Porti(SIPEL),VERSANDKOSTEN U. PORTI(SIPEL),Expense,Debit,,,,,,,,,,,,,,
660113,Versandkosten  Porti(SIPEL)EU,VERSANDKOSTEN  PORTI(SIPEL)EU,Expense,Debit,,,,,,,,,,,,,,
660114,Versandkosten u. Porti DR,VERSANDKOSTEN U. PORTI DR,Expense,Debit,,,,,,,,,,,,,,
660200,Bruchvers. + Verpack.,BRUCHVERS. + VERPACK.,Expense,Debit,,,,,,,,,,,,,,
660201,Bruchvers. + Verpack. EU,BRUCHVERS. + VERPACK. EU,Expense,Debit,,,,,,,,,,,,,,
661101,Kraftstoff PN 4835,KRAFTSTOFF PN 4835,Expense,Debit,,,,,,,,,,,,,,
661102,Reparaturen,REPARATUREN,Expense,Debit,,,,,,,,,,,,,,
661103,Steuern,STEUERN,Expense,Debit,,,,,,,,,,,,,,
661104,Versicherungen,VERSICHERUNGEN,Expense,Debit,,,,,,,,,,,,,,
661105,Reifen,REIFEN,Expense,Debit,,,,,,,,,,,,,,
661106,Diverse Kosten,DIVERSE KOSTEN,Expense,Debit,,,,,,,,,,,,,,
661201,Kraftstoff FE 7566,KRAFTSTOFF FE 7566,Expense,Debit,,,,,,,,,,,,,,
661202,Reparaturen,REPARATUREN,Expense,Debit,,,,,,,,,,,,,,
661203,Steuern,STEUERN,Expense,Debit,,,,,,,,,,,,,,
661204,Versicherungen,VERSICHERUNGEN,Expense,Debit,,,,,,,,,,,,,,
661205,Reifen,REIFEN,Expense,Debit,,,,,,,,,,,,,,
661206,Reifen EU,REIFEN EU,Expense,Debit,,,,,,,,,,,,,,
661301,Kraftstoff UR4444,KRAFTSTOFF UR4444,Expense,Debit,,,,,,,,,,,,,,
661302,Reparaturen,REPARATUREN,Expense,Debit,,,,,,,,,,,,,,
661303,Steuern,STEUERN,Expense,Debit,,,,,,,,,,,,,,
661304,Versicherungen,VERSICHERUNGEN,Expense,Debit,,,,,,,,,,,,,,
661305,Reifen,REIFEN,Expense,Debit,,,,,,,,,,,,,,
661306,Versicherungsschaden,VERSICHERUNGSSCHADEN,Expense,Debit,,,,,,,,,,,,,,
661307,Remboursement Assurances,REMBOURSEMENT ASSURANCES,Expense,Debit,,,,,,,,,,,,,,
661308,Reifen EU,REIFEN EU,Expense,Debit,,,,,,,,,,,,,,
661309,Reparaturen EU,REPARATUREN EU,Expense,Debit,,,,,,,,,,,,,,
661310,Kraftstoff  EU UR4444,KRAFTSTOFF  EU UR4444,Expense,Debit,,,,,,,,,,,,,,
661401,Kraftstoff PS 6326,KRAFTSTOFF PS 6326,Expense,Debit,,,,,,,,,,,,,,
661402,Reparaturen EU,REPARATUREN EU,Expense,Debit,,,,,,,,,,,,,,
661403,Steuern,STEUERN,Expense,Debit,,,,,,,,,,,,,,
661404,Versicherungen,VERSICHERUNGEN,Expense,Debit,,,,,,,,,,,,,,
661405,Reifen,REIFEN,Expense,Debit,,,,,,,,,,,,,,
661406,Diverses/Kleinanschaffung.EU,DIVERSES/KLEINANSCHAFFUNG.EU,Expense,Debit,,,,,,,,,,,,,,
661407,Privatanteil Audi A6,PRIVATANTEIL AUDI A6,Expense,Debit,,,,,,,,,,,,,,
661501,Leasing,LEASING,Expense,Debit,,,,,,,,,,,,,,
661502,Miete Garage,MIETE GARAGE,Expense,Debit,,,,,,,,,,,,,,
661503,Miete KFZ,MIETE KFZ,Expense,Debit,,,,,,,,,,,,,,
661601,Kraftstoff 7179,KRAFTSTOFF 7179,Expense,Debit,,,,,,,,,,,,,,
661602,Reparaturen,REPARATUREN,Expense,Debit,,,,,,,,,,,,,,
661603,Steuern,STEUERN,Expense,Debit,,,,,,,,,,,,,,
661604,Versicherungen,VERSICHERUNGEN,Expense,Debit,,,,,,,,,,,,,,
661605,Reifen,REIFEN,Expense,Debit,,,,,,,,,,,,,,
661606,Diverses/Kleinanschaffungen,DIVERSES/KLEINANSCHAFFUNGEN,Expense,Debit,,,,,,,,,,,,,,
661607,Sonstiger Unterhalt,SONSTIGER UNTERHALT,Expense,Debit,,,,,,,,,,,,,,
661608,Beschrift. KFZ 7179,BESCHRIFT. KFZ 7179,Expense,Debit,,,,,,,,,,,,,,
661609,Reparaturen EU,REPARATUREN EU,Expense,Debit,,,,,,,,,,,,,,
661610,Reifen EU,REIFEN EU,Expense,Debit,,,,,,,,,,,,,,
661701,Kraftstoff MT 161,KRAFTSTOFF MT 161,Expense,Debit,,,,,,,,,,,,,,
661702,Reparaturen,REPARATUREN,Expense,Debit,,,,,,,,,,,,,,
661703,Steuern,STEUERN,Expense,Debit,,,,,,,,,,,,,,
661704,Versicherungen,VERSICHERUNGEN,Expense,Debit,,,,,,,,,,,,,,
661705,Reifen,REIFEN,Expense,Debit,,,,,,,,,,,,,,
661706,Diverses/Kleinanschaffungen,DIVERSES/KLEINANSCHAFFUNGEN,Expense,Debit,,,,,,,,,,,,,,
661707,Sonstiger Unterhalt,SONSTIGER UNTERHALT,Expense,Debit,,,,,,,,,,,,,,
661708,Versicherungsschaden,VERSICHERUNGSSCHADEN,Expense,Debit,,,,,,,,,,,,,,
661709,Reifen EU,REIFEN EU,Expense,Debit,,,,,,,,,,,,,,
661800,Div.am Fuhrp.durch.Arb Mühlen,DIV.AM FUHRP.DURCH.ARB MÜHLEN,Expense,Debit,,,,,,,,,,,,,,
661802,Kraftstoff FZ 8414,KRAFTSTOFF FZ 8414,Expense,Debit,,,,,,,,,,,,,,
661803,Reparaturen,REPARATUREN,Expense,Debit,,,,,,,,,,,,,,
661804,Steuern,STEUERN,Expense,Debit,,,,,,,,,,,,,,
661805,Versicherungen,VERSICHERUNGEN,Expense,Debit,,,,,,,,,,,,,,
661806,Reifen,REIFEN,Expense,Debit,,,,,,,,,,,,,,
661807,Reparaturen EU,REPARATUREN EU,Expense,Debit,,,,,,,,,,,,,,
661901,Kraftstoff MW 6634,KRAFTSTOFF MW 6634,Expense,Debit,,,,,,,,,,,,,,
661902,Reparaturen EU,REPARATUREN EU,Expense,Debit,,,,,,,,,,,,,,
661903,Steuern,STEUERN,Expense,Debit,,,,,,,,,,,,,,
661904,Versicherungen,VERSICHERUNGEN,Expense,Debit,,,,,,,,,,,,,,
661905,Reifen,REIFEN,Expense,Debit,,,,,,,,,,,,,,
661906,Diverses/Kleinanschaffungen,DIVERSES/KLEINANSCHAFFUNGEN,Expense,Debit,,,,,,,,,,,,,,
661907,Sonstiger Unterhalt,SONSTIGER UNTERHALT,Expense,Debit,,,,,,,,,,,,,,
661908,Reparaturen,REPARATUREN,Expense,Debit,,,,,,,,,,,,,,
661911,Kraftstoff JS 8950,KRAFTSTOFF JS 8950,Expense,Debit,,,,,,,,,,,,,,
661912,Reparaturen,REPARATUREN,Expense,Debit,,,,,,,,,,,,,,
661913,Steuern,STEUERN,Expense,Debit,,,,,,,,,,,,,,
661914,Versicherungen,VERSICHERUNGEN,Expense,Debit,,,,,,,,,,,,,,
661915,Reifen,REIFEN,Expense,Debit,,,,,,,,,,,,,,
661916,Diverses/Kleinanschaffungen,DIVERSES/KLEINANSCHAFFUNGEN,Expense,Debit,,,,,,,,,,,,,,
661917,Reparaturen EU,REPARATUREN EU,Expense,Debit,,,,,,,,,,,,,,
661918,Reifen EU,REIFEN EU,Expense,Debit,,,,,,,,,,,,,,
661921,Krafstoff MT 6094 15%,KRAFSTOFF MT 6094 15%,Expense,Debit,,,,,,,,,,,,,,
661922,Reparaturen 15 %,REPARATUREN 15 %,Expense,Debit,,,,,,,,,,,,,,
661923,Steuern,STEUERN,Expense,Debit,,,,,,,,,,,,,,
661924,Versicherungen,VERSICHERUNGEN,Expense,Debit,,,,,,,,,,,,,,
661925,Reifen,REIFEN,Expense,Debit,,,,,,,,,,,,,,
661926,Diverses/Kleinanschaffungen,DIVERSES/KLEINANSCHAFFUNGEN,Expense,Debit,,,,,,,,,,,,,,
661927,Kraftoff MT 6094 EU,KRAFTOFF MT 6094 EU,Expense,Debit,,,,,,,,,,,,,,
661928,Reparaturen EU,REPARATUREN EU,Expense,Debit,,,,,,,,,,,,,,
661931,Krafstoff LM 5950,KRAFSTOFF LM 5950,Expense,Debit,,,,,,,,,,,,,,
661932,Reparaturen,REPARATUREN,Expense,Debit,,,,,,,,,,,,,,
661933,Steuern,STEUERN,Expense,Debit,,,,,,,,,,,,,,
661934,Versicherungen,VERSICHERUNGEN,Expense,Debit,,,,,,,,,,,,,,
661935,Reifen,REIFEN,Expense,Debit,,,,,,,,,,,,,,
661936,Reparaturen EU,REPARATUREN EU,Expense,Debit,,,,,,,,,,,,,,
661941,Krafstoff TK 8122,KRAFSTOFF TK 8122,Expense,Debit,,,,,,,,,,,,,,
661942,Reparaturen,REPARATUREN,Expense,Debit,,,,,,,,,,,,,,
661943,Steuern,STEUERN,Expense,Debit,,,,,,,,,,,,,,
661944,Versicherungen,VERSICHERUNGEN,Expense,Debit,,,,,,,,,,,,,,
661945,Reifen,REIFEN,Expense,Debit,,,,,,,,,,,,,,
661946,Reparaturen EU,REPARATUREN EU,Expense,Debit,,,,,,,,,,,,,,
661947,Reifen EU,REIFEN EU,Expense,Debit,,,,,,,,,,,,,,
661948,Krafstoff TK 8122 EU,KRAFSTOFF TK 8122 EU,Expense,Debit,,,,,,,,,,,,,,
662110,Reklamationskosten,REKLAMATIONSKOSTEN,Expense,Debit,,,,,,,,,,,,,,
662130,Provisionen/Kommissionen,PROVISIONEN/KOMMISSIONEN,Expense,Debit,,,,,,,,,,,,,,
662131,Auflös Prov.Mannelli vor.Jahr,AUFLÖS PROV.MANNELLI VOR.JAHR,Expense,Debit,,,,,,,,,,,,,,
662310,Buchhaltungskosten,BUCHHALTUNGSKOSTEN,Expense,Debit,,,,,,,,,,,,,,
662320,Provision für Buchhaltungsk.,PROVISION FÜR BUCHHALTUNGSK.,Expense,Debit,,,,,,,,,,,,,,
662330,Anwaltskosten,ANWALTSKOSTEN,Expense,Debit,,,,,,,,,,,,,,
662331,Anwalts- Gerichtsvollzieher EU,ANWALTS- GERICHTSVOLLZIEHER EU,Expense,Debit,,,,,,,,,,,,,,
662335,Notarkosten,NOTARKOSTEN,Expense,Debit,,,,,,,,,,,,,,
662340,Provision für Anwaltskosten,PROVISION FÜR ANWALTSKOSTEN,Expense,Debit,,,,,,,,,,,,,,
662410,period. Zeitung/Fachzeitschr.,PERIOD. ZEITUNG/FACHZEITSCHR.,Expense,Debit,,,,,,,,,,,,,,
662411,period. Zeit./Fachzeitschr.15%,PERIOD. ZEIT./FACHZEITSCHR.15%,Expense,Debit,,,,,,,,,,,,,,
662412,period.Zeit/fachschrift 3%,PERIOD.ZEIT/FACHSCHRIFT 3%,Expense,Debit,,,,,,,,,,,,,,
662420,period. Zeitung/Fachzeit. (EU),PERIOD. ZEITUNG/FACHZEIT. (EU),Expense,Debit,,,,,,,,,,,,,,
662510,Telefon und Telefax,TELEFON UND TELEFAX,Expense,Debit,,,,,,,,,,,,,,
662511,Telefon/Telefax/Internet EU,TELEFON/TELEFAX/INTERNET EU,Expense,Debit,,,,,,,,,,,,,,
662512,Rückst.Internet Installation,RÜCKST.INTERNET INSTALLATION,Expense,Debit,,,,,,,,,,,,,,
662520,Frankierung/Briefmarken,FRANKIERUNG/BRIEFMARKEN,Expense,Debit,,,,,,,,,,,,,,
662610,Aktkosten u.Eintreibungsgeb 12,AKTKOSTEN U.EINTREIBUNGSGEB 12,Expense,Debit,,,,,,,,,,,,,,
662611,Aktkosten u.Eintreibungsgeb 0%,AKTKOSTEN U.EINTREIBUNGSGEB 0%,Expense,Debit,,,,,,,,,,,,,,
662620,Beiträge und Spenden 15%,BEITRÄGE UND SPENDEN 15%,Expense,Debit,,,,,,,,,,,,,,
662621,Beiträge und Spenden 0%,BEITRÄGE UND SPENDEN 0%,Expense,Debit,,,,,,,,,,,,,,
662630,Berufliche Beiträge,BERUFLICHE BEITRÄGE,Expense,Debit,,,,,,,,,,,,,,
662640,Beruf Beiträge. vorh. Jahre,BERUF BEITRÄGE. VORH. JAHRE,Expense,Debit,,,,,,,,,,,,,,
662710,Diverse Unkosten 0%,DIVERSE UNKOSTEN 0%,Expense,Debit,,,,,,,,,,,,,,
662715,Div. zu verrechn. Unkosten EU,DIV. ZU VERRECHN. UNKOSTEN EU,Expense,Debit,,,,,,,,,,,,,,
662720,Div. zu verrechnende Unkosten,DIV. ZU VERRECHNENDE UNKOSTEN,Expense,Debit,,,,,,,,,,,,,,
662730,Sonstige Arbeiten,SONSTIGE ARBEITEN,Expense,Debit,,,,,,,,,,,,,,
662740,Regiekosten,REGIEKOSTEN,Expense,Debit,,,,,,,,,,,,,,
662741,Regiekosten EU,REGIEKOSTEN EU,Expense,Debit,,,,,,,,,,,,,,
6630,Kundenskonto 19 %,KUNDENSKONTO 19 %,Revenue,Credit,Yes,,PAYDISCOUNT_EXP_ACCT,,,,,,,,,,,
663100,Gewährtes Skonto,GEWÄHRTES SKONTO,Revenue,Credit,,,,,,,,,,,,,,
663200,Gewährtes Skonto EU,GEWÄHRTES SKONTO EU,Revenue,Credit,,,,,,,,,,,,,,
663310,Verkaufs Prov.Rückstellung,VERKAUFS PROV.RÜCKSTELLUNG,Expense,Debit,,,,,,,,,,,,,,
663400,Noch ausst.Garantieleistungen,NOCH AUSST.GARANTIELEISTUNGEN,Expense,Debit,,,,,,,,,,,,,,
664100,Gerichtsprodzeduren,GERICHTSPRODZEDUREN,Expense,Debit,,,,,,,,,,,,,,
664200,Lieferanten,LIEFERANTEN,Expense,Debit,,,,,,,,,,,,,,
664280,Anpass. Mwst. 1999,ANPASS. MWST. 1999,Expense,Debit,,,,,,,,,,,,,,
664400,Anp.Sozialvers.vorher.Jahre,ANP.SOZIALVERS.VORHER.JAHRE,Expense,Debit,,,,,,,,,,,,,,
664410,Anp. Lohnsteuer,ANP. LOHNSTEUER,Expense,Debit,,,,,,,,,,,,,,
665100,Bestandsveränd. zweifelh.Kund.,BESTANDSVERÄND. ZWEIFELH.KUND.,Expense,Debit,,,,,,,,,,,,,,
6652-1,Forderungsverluste (übliche Höhe),RECEIVABLES WRITE-OFF - BAD DEBT,Expense,Debit,Yes,,WRITEOFF_ACCT,,,,,,,,,,,
665200,Zahlungsunfähige Kunden,ZAHLUNGSUNFÄHIGE KUNDEN,Expense,Debit,,,,,,,,,,,,,,
666210,Geotechnisches Gutachten,GEOTECHNISCHES GUTACHTEN,Expense,Debit,,,,,,,,,,,,,,
666350,Architekten Honorar,ARCHITEKTEN HONORAR,Expense,Debit,,,,,,,,,,,,,,
666360,Architekten Honorar EU,ARCHITEKTEN HONORAR EU,Expense,Debit,,,,,,,,,,,,,,
6666-4,Sonstige betriebliche Aufwendungen,SONSTIGE BETRIEBLICHE AUFWENDUNGEN,Expense,Debit,Yes,,CH_EXPENSE_ACCT,,,,,,,,,,,
666610,Baustellenunkosten,BAUSTELLENUNKOSTEN,Expense,Debit,,,,,,,,,,,,,,
666635,Notar Honorar,NOTAR HONORAR,Expense,Debit,,,,,,,,,,,,,,
666640,Diverses (taxe, copie, ect),DIVERSES (TAXE,,,,Debit,,,,,,,,,,
666650,Baugenehmigung,BAUGENEHMIGUNG,Expense,Debit,,,,,,,,,,,,,,
666651,Anschlussgebühr Wasser 3%,ANSCHLUSSGEBÜHR WASSER 3%,Expense,Debit,,,,,,,,,,,,,,
666652,Anschlussgebühr Kanal,ANSCHLUSSGEBÜHR KANAL,Expense,Debit,,,,,,,,,,,,,,
666653,Kaution-Gebühr,KAUTION-GEBÜHR,Expense,Debit,,,,,,,,,,,,,,
666654,Elektromaterial 15%,ELEKTROMATERIAL 15%,Expense,Debit,,,,,,,,,,,,,,
666655,Anschluss Cegedel,ANSCHLUSS CEGEDEL,Expense,Debit,,,,,,,,,,,,,,
666656,Intallationsarbeiten 15%,INTALLATIONSARBEITEN 15%,Expense,Debit,,,,,,,,,,,,,,
666657,Anschlussgebühr Gaz 6%,ANSCHLUSSGEBÜHR GAZ 6%,Expense,Debit,,,,,,,,,,,,,,
666658,Beleuchtung EU,BELEUCHTUNG EU,Expense,Debit,,,,,,,,,,,,,,
666659,Mietrechnungen (Nacelle ect.),MIETRECHNUNGEN (NACELLE ECT.),Expense,Debit,,,,,,,,,,,,,,
666660,Elektromaterial EU,ELEKTROMATERIAL EU,Expense,Debit,,,,,,,,,,,,,,
666670,Platten, Fliesen, Natursteine,PLATTEN,,,,Debit,,,,,,,,,,
666680,Kalkschutzanlage,KALKSCHUTZANLAGE,Expense,Debit,,,,,,,,,,,,,,
6671-18,Zinsaufwendungen für kurzfristige Verbindlichkeiten,ZINSAUFWENDUNGEN FÜR KURZFRISTIGE VERBINDLICHKEITEN,Expense,Debit,Yes,,B_INTERESTEXP_ACCT,,,,,,,,,,,
667110,Vezugszinsen,VEZUGSZINSEN,Expense,Debit,,,,,,,,,,,,,,
667111,Kontokorrentzinsen,KONTOKORRENTZINSEN,Expense,Debit,,,,,,,,,,,,,,
667112,Zinsen aus Auler-Darlehen EU,ZINSEN AUS AULER-DARLEHEN EU,Expense,Debit,,,,,,,,,,,,,,
667113,Zinsen aus BGL Darlehen,ZINSEN AUS BGL DARLEHEN,Expense,Debit,,,,,,,,,,,,,,
667114,Zinsen aus Teilhaber Darlehen,ZINSEN AUS TEILHABER DARLEHEN,Expense,Debit,,,,,,,,,,,,,,
667115,Zinsen aus Bankgaranti Scilo,ZINSEN AUS BANKGARANTI SCILO,Expense,Debit,,,,,,,,,,,,,,
667116,Zinsen PRET BCEE,ZINSEN PRET BCEE,Expense,Debit,,,,,,,,,,,,,,
667117,Zinsen BCEE Gebäude Mondorf,ZINSEN BCEE GEBÄUDE MONDORF,Expense,Debit,,,,,,,,,,,,,,
6672,Nebenkosten des Geldverkehrs,BANK CHARGES,Expense,Debit,Yes,,B_EXPENSE_ACCT,,,,,,,,,,,
667200,Bankunkosten,BANKUNKOSTEN,Expense,Debit,,,,,,,,,,,,,,
667210,Bankunkosten EU,BANKUNKOSTEN EU,Expense,Debit,,,,,,,,,,,,,,
6673-1,Rundungsdifferenzen,RUNDUNGSDIFFERENZEN,Expense,Debit,Yes,,SUSPENSEBALANCING_ACCT,,,,,,,,,,,
6673-2,Kassendifferenzen,KASSENDIFFERENZEN,Expense,Debit,Yes,,CB_DIFFERENCES_ACCT,,,,,,,,,,,
6673-3,Aufwend. Kontenbereinigung,KONTENBE,Expense,Debit,Yes,,SUSPENSEERROR_ACCT,,,,,,,,,,,
667300,Bankunk.Nationaler transfert,BANKUNK.NATIONALER TRANSFERT,Expense,Debit,,,,,,,,,,,,,,
667310,Rundungsdifferenz (-),RUNDUNGSDIFFERENZ (-),Expense,Debit,,,,,,,,,,,,,,
6675,Aufwendungen aus Kursdifferenzen,AUFWENDUNGEN AUS KURSDIFFERENZEN,Expense,Debit,Yes,,CURRENCYBALANCING_ACCT,,,,,,,,,,,
667500,Wechselkurs Diff. Verlust (-),WECHSELKURS DIFF. VERLUST (-),Expense,Debit,,,,,,,,,,,,,,
6676,Aufwendungen aus Bewertung Finanzmittelfonds,AUFWENDUNGEN AUS BEWERTUNG FINANZMITTELFONDS,Expense,Debit,Yes,,B_REVALUATIONLOSS_ACCT,,,,,,,,,,,
6677,Bank Bewertungsertrag,BANK BEWERTUNGSERTRAG,Revenue,Credit,Yes,,B_REVALUATIONGAIN_ACCT,,,,,,,,,,,
668100,Abschreibung Gebäude,ABSCHREIBUNG GEBÄUDE,Expense,Debit,,,,,,,,,,,,,,
668105,Abschr. Erbpacht Mietw.,ABSCHR. ERBPACHT MIETW.,Expense,Debit,,,,,,,,,,,,,,
668110,Abschreibung Installationen,ABSCHREIBUNG INSTALLATIONEN,Expense,Debit,,,,,,,,,,,,,,
668120,Abschreibung Fuhrpark,ABSCHREIBUNG FUHRPARK,Expense,Debit,,,,,,,,,,,,,,
668130,Abschreibung Einrichtung,ABSCHREIBUNG EINRICHTUNG,Expense,Debit,,,,,,,,,,,,,,
668140,Auflösung Rückst. dub. Kunden,AUFLÖSUNG RÜCKST. DUB. KUNDEN,Expense,Debit,,,,,,,,,,,,,,
668150,Auflösung Rückst.Gratifikation,AUFLÖSUNG RÜCKST.GRATIFIKATION,Expense,Debit,,,,,,,,,,,,,,
668200,Abschreibungen,ABSCHREIBUNGEN,Expense,Debit,,,,,,,,,,,,,,
668500,Indemnités et Litiges,INDEMNITÉS ET LITIGES,Expense,Debit,,,,,,,,,,,,,,
668600,CREANCES IRRECOUVRABLES,CREANCES IRRECOUVRABLES,Expense,Debit,,,,,,,,,,,,,,
668700,AMENDES, PENALITES FISCALES,AMENDES, PENALITES FISCALES,,,,,,,,,,,,,,
7001,* Vorausberechnete Einnahmen,* VORAUSBERECHNETE EINNAHMEN,Revenue,Credit,Yes,,UNEARNEDREVENUE_ACCT,,,,,,,,,,,
7002,* Sonstige Einnahmen,* SONSTIGE EINNAHMEN,Revenue,Credit,Yes,,CH_REVENUE_ACCT,,,,,,,,,,,
7003,Nicht abgerechnete Einnahmen,NICHT ABGERECHNETE EINNAHMEN,Revenue,Credit,Yes,,NOTINVOICEDREVENUE_ACCT,,,,,,,,,,,
7011,Warenverkauf (Inl. 19 %),WARENVERKAUF (INL. 19 %),Revenue,Credit,Yes,,P_REVENUE_ACCT,,,,,,,,,,,
701200,Verkauf-Kabel / Standard,VERKAUF-KABEL / STANDARD,Revenue,Credit,,,,,,,,,,,,,,
701210,Verkauf-Kab+Sys / Informatik,VERKAUF-KAB+SYS / INFORMATIK,Revenue,Credit,,,,,,,,,,,,,,
701220,Verkauf-Kabel / Spezial,VERKAUF-KABEL / SPEZIAL,Revenue,Credit,,,,,,,,,,,,,,
701230,Verkauf-Kabel / Standard (EU),VERKAUF-KABEL / STANDARD (EU),Revenue,Credit,,,,,,,,,,,,,,
701240,Verkauf-Kab+Sys/Informatk (EU),VERKAUF-KAB+SYS/INFORMATK (EU),Revenue,Credit,,,,,,,,,,,,,,
701250,Verkauf-Kabel/Spezial (EU),VERKAUF-KABEL/SPEZIAL (EU),Revenue,Credit,,,,,,,,,,,,,,
701260,Verkauf-Kabel / Standard (DR),VERKAUF-KABEL / STANDARD (DR),Revenue,Credit,,,,,,,,,,,,,,
701270,Verkauf-Kab+Sys/Informatk (DR),VERKAUF-KAB+SYS/INFORMATK (DR),Revenue,Credit,,,,,,,,,,,,,,
701280,Verkauf-Kabel/Spezial (DR),VERKAUF-KABEL/SPEZIAL (DR),Revenue,Credit,,,,,,,,,,,,,,
701281,Verkauf-Kabel / Standard EXO,VERKAUF-KABEL / STANDARD EXO,Revenue,Credit,,,,,,,,,,,,,,
701282,Verkauf-Kab+Sys/Informatik EXO,VERKAUF-KAB+SYS/INFORMATIK EXO,Revenue,Credit,,,,,,,,,,,,,,
701283,Verkauf-Kabel / Spezial EXO,VERKAUF-KABEL / SPEZIAL EXO,Revenue,Credit,,,,,,,,,,,,,,
701290,Eigenentnahme (Triangle Vert),EIGENENTNAHME (TRIANGLE VERT),Revenue,Credit,,,,,,,,,,,,,,
701300,Kabeltrommeln VK,KABELTROMMELN VK,Revenue,Credit,,,,,,,,,,,,,,
701301,Kabeltrommeln-Mietrechnungen,KABELTROMMELN-MIETRECHNUNGEN,Revenue,Credit,,,,,,,,,,,,,,
701400,Verkauf-Lampen Inland,VERKAUF-LAMPEN INLAND,Revenue,Credit,,,,,,,,,,,,,,
701410,Verkauf-Lampen (EU),VERKAUF-LAMPEN (EU),Revenue,Credit,,,,,,,,,,,,,,
701420,Verkauf Lampen (DR),VERKAUF LAMPEN (DR),Revenue,Credit,,,,,,,,,,,,,,
701430,Verkauf-Lampen EXO,VERKAUF-LAMPEN EXO,Revenue,Credit,,,,,,,,,,,,,,
701500,Verkauf-Leuchten Inland,VERKAUF-LEUCHTEN INLAND,Revenue,Credit,,,,,,,,,,,,,,
701510,Verkauf-Leuchten (EU),VERKAUF-LEUCHTEN (EU),Revenue,Credit,,,,,,,,,,,,,,
701520,Verkauf-Leuchten (DR),VERKAUF-LEUCHTEN (DR),Revenue,Credit,,,,,,,,,,,,,,
701530,Verkauf-Leuchten EXO,VERKAUF-LEUCHTEN EXO,Revenue,Credit,,,,,,,,,,,,,,
701600,Verkauf-Hospitaltechnik,VERKAUF-HOSPITALTECHNIK,Revenue,Credit,,,,,,,,,,,,,,
701610,Verkauf-Hospitaltechnik (EU),VERKAUF-HOSPITALTECHNIK (EU),Revenue,Credit,,,,,,,,,,,,,,
701710,Verkauf Inst.Mat.,VERKAUF INST.MAT.,Revenue,Credit,,,,,,,,,,,,,,
701720,Verkauf Inst.Mat. (EU),VERKAUF INST.MAT. (EU),Revenue,Credit,,,,,,,,,,,,,,
701800,Dienstleistungen,DIENSTLEISTUNGEN,Revenue,Credit,,,,,,,,,,,,,,
7019-1,Kunden-Boni steuerfr. Drittl.,BONI,Expense,Debit,Yes,,P_TRADEDISCOUNTGRANT_ACCT,,,,,,,,,,,
7019-9,Erhaltene Boni 19% Vorsteuer,ERHALTENE BONI 19% VORSTEUER,Expense,Debit,Yes,,P_TRADEDISCOUNTREC_ACCT,,,,,,,,,,,
701910,Diverse zu verrech.Kosten 15%,DIVERSE ZU VERRECH.KOSTEN 15%,Revenue,Credit,,,,,,,,,,,,,,
701911,Diverse zu verrech.Kosten (EU),DIVERSE ZU VERRECH.KOSTEN (EU),Revenue,Credit,,,,,,,,,,,,,,
701912,Diverse zu verrech. Kosten 3%,DIVERSE ZU VERRECH. KOSTEN 3%,Revenue,Credit,,,,,,,,,,,,,,
701913,Div. zu ver. Kosten 12%,DIV. ZU VER. KOSTEN 12%,Revenue,Credit,,,,,,,,,,,,,,
701920,Verpackungen,VERPACKUNGEN,Revenue,Credit,,,,,,,,,,,,,,
701930,Schnittk.Deb/Fr.découpe clt LU,SCHNITTK.DEB/FR.DÉCOUPE CLT LU,Revenue,Credit,,,,,,,,,,,,,,
701931,Schnittk.Deb/Fr.découpe clt EU,SCHNITTK.DEB/FR.DÉCOUPE CLT EU,Revenue,Credit,,,,,,,,,,,,,,
701935,Forfait Cdes.<.à 75 EUR net LU,FORFAIT CDES.<.À 75 EUR NET LU,Revenue,Credit,,,,,,,,,,,,,,
701936,Forfait Cdes.<.à 75 EUR net EU,FORFAIT CDES.<.À 75 EUR NET EU,Revenue,Credit,,,,,,,,,,,,,,
701940,Rücknahmekosten/Fr.Reprise,RÜCKNAHMEKOSTEN/FR.REPRISE,Revenue,Credit,,,,,,,,,,,,,,
701941,Rücknahmekosten/Reprise EU,RÜCKNAHMEKOSTEN/REPRISE EU,Revenue,Credit,,,,,,,,,,,,,,
701944,Muster EU,MUSTER EU,Revenue,Credit,,,,,,,,,,,,,,
701945,Muster Inland,MUSTER INLAND,Revenue,Credit,,,,,,,,,,,,,,
701950,Defekte/Reklamationen,DEFEKTE/REKLAMATIONEN,Revenue,Credit,,,,,,,,,,,,,,
701951,Regiekosten,REGIEKOSTEN,Revenue,Credit,,,,,,,,,,,,,,
701952,Regiekosten EU,REGIEKOSTEN EU,Revenue,Credit,,,,,,,,,,,,,,
701960,Preisdifferenz EU,PREISDIFFERENZ EU,Revenue,Credit,,,,,,,,,,,,,,
701961,Preisdifferenz LU,PREISDIFFERENZ LU,Revenue,Credit,,,,,,,,,,,,,,
701970,zu ver. Reparaturkosten,ZU VER. REPARATURKOSTEN,Revenue,Credit,,,,,,,,,,,,,,
701971,Zu ver.diverse Liefer./Waren,ZU VER.DIVERSE LIEFER./WAREN,Revenue,Credit,,,,,,,,,,,,,,
701972,Zu ver.diverse Liefer./WarenEU,ZU VER.DIVERSE LIEFER./WARENEU,Revenue,Credit,,,,,,,,,,,,,,
701973,Zu ver.diverse Liefer./WarenDR,ZU VER.DIVERSE LIEFER./WARENDR,Revenue,Credit,,,,,,,,,,,,,,
701979,Abzug bei Warenrückgabe EU,ABZUG BEI WARENRÜCKGABE EU,Revenue,Credit,,,,,,,,,,,,,,
701980,Abzug bei Warenrückgabe 15%,ABZUG BEI WARENRÜCKGABE 15%,Revenue,Credit,,,,,,,,,,,,,,
701981,Verrechnung Trageplatten CHN,VERRECHNUNG TRAGEPLATTEN CHN,Revenue,Credit,,,,,,,,,,,,,,
701990,VK-Kommission VK-Boni,VK-KOMMISSION VK-BONI,Expense,Debit,,,,,,,,,,,,,,
701991,VK-Kommission VK-Boni EU,VK-KOMMISSION VK-BONI EU,Expense,Debit,,,,,,,,,,,,,,
702100,Erlöse Verkauf von Anlagegüter,ERLÖSE VERKAUF VON ANLAGEGÜTER,Revenue,Credit,,,,,,,,,,,,,,
702200,erhaltene Miete + NK,ERHALTENE MIETE + NK,Revenue,Credit,,,,,,,,,,,,,,
702300,RUCKERSTATTUNG CNS,RUCKERSTATTUNG CNS,Revenue,Credit,,,,,,,,,,,,,,
7030,Erhaltene Skonti 19% Vorsteuer,GRANTED EARLY PAYMENT DISCOUNT FROM VENDORS,Revenue,Credit,Yes,,PAYDISCOUNT_REV_ACCT,,,,,,,,,,,
703100,Erhaltenes Skonto 15%,ERHALTENES SKONTO 15%,Expense,Debit,,,,,,,,,,,,,,
703200,Erhaltenes Skonto EU,ERHALTENES SKONTO EU,Expense,Debit,,,,,,,,,,,,,,
704100,Zinsen auf Kontokorrent,ZINSEN AUF KONTOKORRENT,Revenue,Credit,,,,,,,,,,,,,,
704110,Verzugszinsen,VERZUGSZINSEN,Revenue,Credit,,,,,,,,,,,,,,
704200,Rundungsdifferenz (+),RUNDUNGSDIFFERENZ (+),Revenue,Credit,,,,,,,,,,,,,,
704300,Rückerstattete Löhne,RÜCKERSTATTETE LÖHNE,Revenue,Credit,,,,,,,,,,,,,,
704400,Rückerstattung Versicherungen,RÜCKERSTATTUNG VERSICHERUNGEN,Revenue,Credit,,,,,,,,,,,,,,
7045,Erträge aus Kursdifferenzen,FOREIGN CURRENCY BANK ACCOUNT LOSS,Expense,Debit,Yes,,B_SETTLEMENTGAIN_ACCT,,,,,,,,,,,
704500,Wechselkurs Diff. Gewinn (+),WECHSELKURS DIFF. GEWINN (+),Revenue,Credit,,,,,,,,,,,,,,
704600,Mahngebühren verrechnet,MAHNGEBÜHREN VERRECHNET,Revenue,Credit,,,,,,,,,,,,,,
704700,Mahnzinsen verrechnet,MAHNZINSEN VERRECHNET,Revenue,Credit,,,,,,,,,,,,,,
7048-6,Erträge aus Bewertung Finanzmittelfonds,ERTRÄGE BEWERTUNG FINANZMITTELFONDS,Expense,Debit,Yes,,PPVOFFSET_ACCT,,,,,,,,,,,
704800,Ausserord.Erträge vorh. Jahre,AUSSERORD.ERTRÄGE VORH. JAHRE,Revenue,Credit,,,,,,,,,,,,,,
704810,Ausserord. Ertr. vorh.Jahr.15%,AUSSERORD. ERTR. VORH.JAHR.15%,Revenue,Credit,,,,,,,,,,,,,,
704814,A.O. Erträge Vorjahre,A.O. ERTRÄGE VORJAHRE,Revenue,Credit,,,,,,,,,,,,,,
704850,Auflösung Rückst Bertrange,AUFLÖSUNG RÜCKST BERTRANGE,Revenue,Credit,,,,,,,,,,,,,,
704860,VARIATIONS TRAVAUX EN COURS,VARIATIONS TRAVAUX EN COURS,Revenue,Credit,,,,,,,,,,,,,,
7049-3,Sonstige Zinsen und ähnliche Erträge,SONSTIGE ZINSEN UND ÄHNLICHE ERTRÄGE,Revenue,,Yes,,B_INTERESTREV_ACCT,,,,,,,,,,,
704900,Assmo.Mannelli,ASSMO.MANNELLI,Revenue,Credit,,,,,,,,,,,,,,
704910,Konsilager Radium,KONSILAGER RADIUM,Revenue,Credit,,,,,,,,,,,,,,
704920,Mehrk.verrechnet Verkaufsrech.,MEHRK.VERRECHNET VERKAUFSRECH.,Revenue,Credit,,,,,,,,,,,,,,
7050,Nicht realisierbare Währungsdifferenzen,NICHT REALISIERBARE WÄHRUNGSDIFFERENZEN,Revenue,,Yes,,UNREALIZEDGAIN_ACCT,,,,,,,,,,,
7051,Realisierte Währungsdifferenzen,REALISIERTE WÄHRUNGSDIFFERENZEN,Revenue,Credit,Yes,,REALIZEDGAIN_ACCT,,,,,,,,,,,
7052,Produkt Rechnung Preisdifferenz,PRODUKT RECHNUNG PREISDIFFERENZ,Expense,Debit,Yes,,P_INVOICEPRICEVARIANCE_ACCT,,,,,,,,,,,
7053,Realisierte Währungsdifferenzen,REALISIERTE WÄHRUNGSDIFFERENZEN,Expense,Debit,Yes,,REALIZEDLOSS_ACCT,,,,,,,,,,,
7054,Erträge a. Währungsumstellung auf Euro,ERTRÄGE A. WÄHRUNGSUMSTELLUNG AUF EURO,Expense,Debit,Yes,,P_PURCHASEPRICEVARIANCE_ACCT,,,,,,,,,,,
706110,Ausgangsfrachten (Werk),AUSGANGSFRACHTEN (WERK),Revenue,Credit,,,,,,,,,,,,,,
706111,Ausgangsfrachten (EU)(Werk),AUSGANGSFRACHTEN (EU)(WERK),Revenue,Credit,,,,,,,,,,,,,,
706120,Privatanteil Audi A6 MF 465,PRIVATANTEIL AUDI A6 MF 465,Revenue,Credit,,,,,,,,,,,,,,
708100,Auflösung von Rückstellungen,AUFLÖSUNG VON RÜCKSTELLUNGEN,Revenue,Credit,,,,,,,,,,,,,,
708600,Ajustement créances douteuses,AJUSTEMENT CRÉANCES DOUTEUSES,Revenue,Credit,,,,,,,,,,,,,,
83100-99,PRODUKTIONSAUFWAND,PRODUKTIONSAUFWAND,Expense,Debit,Yes,,,,,,,,,,,,,
83200-99,KOSTEN GEBUNDEN,KOSTEN GEBUNDEN,Expense,Debit,Yes,,,,,,,,,,,,,
83300-99,PRODUKTIONS NEBENKOSTEN,PRODUKTIONS NEBENKOSTEN,Expense,Debit,Yes,,,,,,,,,,,,,
8700,Saldenvorträge- Sachkonten,SALDENVORTRÄGE- SACHKONTEN,Owner's Equity,,Yes,,RETAINEDEARNING_ACCT,,,,,,,,,,,
870100,Saldovorträge,SALDOVORTRÄGE,,,,,,,,,,,,,,,,
8702,Verlkaufsauftrag Bestand (Verpflichtungen),VERLKAUFSAUFTRAG BESTAND (VERPFLICHTUNGEN),Memo,,Yes,,COMMITMENTOFFSETSALES_ACCT,,,,,,,,,,,
870200,Saldovorträge Debitoren,SALDOVORTRÄGE DEBITOREN,,,,,,,,,,,,,,,,
8703,Einkaufsauftrag(Bestellung) Bestand (Verpflichtungen),EINKAUFSAUFTRAG(BESTELLUNG) BESTAND (VERPFLICHTUNGEN),Memo,,Yes,,COMMITMENTOFFSET_ACCT,,,,,,,,,,,
870300,Saldovorträge Kreditoren,SALDOVORTRÄGE KREDITOREN,,,,,,,,,,,,,,,,
870400,Saldovorträge Total,SALDOVORTRÄGE TOTAL,,,,,,,,,,,,,,,,
BA,Bilanz - Aktiva,BILANZ - AKTIVA,Asset,Debit,,Yes,,,BA,Bilanz - Aktiva,,,,,,,,
BP,Bilanz - Passiva,BILANZ - PASSIVA,Liability,,,Yes,,,BP,Bilanz - Passiva,,,,,,,,
GVA,Gewinn u. Verlust - Aufwendungen,GEWINN U. VERLUST - AUFWENDUNGEN,Expense,Debit,,Yes,,,,,,,GVA,Gewinn u. Verlust - Aufwendungen,,,,
GVE,Gewinn u. Verlust - Erträge,GEWINN U. VERLUST - ERTRÄGE,Revenue,,,Yes,,,,,,,GVE,Gewinn u. Verlust - Erträge,,,,
K0BA,Anlagevermögen,ANLAGEVERMÖGEN,Asset,Debit,,Yes,,BA,K0BA,Anlagevermögen,,,,,,,,
K0BA32,Geschäfts- oder Firmenwert,GESCHÄFTS- ODER FIRMENWERT,Asset,Debit,,Yes,,K0BA3,,,,,,,,,,
K0BA4,Sachanlagen,SACHANLAGEN,Asset,Debit,,Yes,,K0BA,K0BA4,Sachanlagen,,,,,,,,
K1BA,Umlaufvermögen,UMLAUFVERMÖGEN,Asset,Debit,,Yes,,BA,K1BA,Umlaufvermögen,,,,,,,,
K1BA1,Vorräte,VORRÄTE,Asset,Debit,,Yes,,K1BA,K1BA1,Vorräte,,,,,,,,
K2BP,Eingenkapital,EINGENKAPITAL,Owner's Equity,,,Yes,,BP,K2BP,Eingenkapital,,,,,,,,
K2BP61,Kapitalrücklage,KAPITALRÜCKLAGE,Owner's Equity,,,Yes,,K2BP6,,,,,,,,,,
K2BP7,Gewinnrücklagen,GEWINNRÜCKLAGEN,Owner's Equity,,,Yes,,K2BP,K2BP7,Gewinnrücklagen,,,,,,,,
K2BP71,Gesetzliche Rücklagen,GESETZLICHE RÜCKLAGEN,Owner's Equity,,,Yes,,K2BP7,,,,,,,,,,
K3BP,Fremdkapital,FREMDKAPITAL,Liability,,,Yes,,BP,K3BP,Fremdkapital,,,,,,,,
K3BP1,Rückstellungen ,RÜCKSTELLUNGEN ,Liability,,,Yes,,K3BP,K3BP1,Rückstellung,,,,,,,,
K3BP12,Steuerrückstellungen,STEUERRÜCKSTELLUNGEN,Liability,,,Yes,,K3BP1,,,,,,,,,,
K3BP2,Verbindlichkeiten ,VERBINDLICHKEITEN ,Liability,,,Yes,,K3BP,K3BP2,Verbindlichkeiten,,,,,,,,
K3BP21,Anleihen,ANLEIHEN,Liability,,,Yes,,K3BP2,,,,,,,,,,
K4GVE,Betriebliche Erträge,BETRIEBLICHE ERTRÄGE,Revenue,,,Yes,,GVE,,,,,K4GVE,Betriebliche Erträge,,,,
K4GVE1,Umsatzerlöse,UMSATZERLÖSE,Revenue,,,Yes,,K4GVE,,,,,K4GVE1,Umsatzerlöse,,,,
K5GVA,Betriebliche Aufwendungen,BETRIEBLICHE AUFWENDUNGEN,Expense,Debit,,Yes,,GVA,,,,,K5GVA,Betriebliche Aufwendungen,,,,
K6GVA11,Löhne und Gehälter,LÖHNE UND GEHÄLTER,Expense,Debit,,Yes,,K6GVA1,,,,,,,,,,
K7GVE6,Gewinnvortrag,GEWINNVORTRAG ODER VERLUSTVORTRAG,Owner's Equity,,,Yes,,K7GVE,,,,,GV36,Gewinnvortrag oder Verlustvortrag,,,,
K9VKS1,Vortragskonten,VORTRAGSKONTEN,Memo,,,Yes,,K9VKS,,,,,,,,,,
